<?xml version='1.0' encoding='UTF-8'?>
<hotspot_log version='160 1' process='1' time_ms='1785255897466'>
<vm_version>
<name>
OpenJDK 64-Bit Server VM
</name>
<release>
21.0.11+10-alpine-r0
</release>
<info>
OpenJDK 64-Bit Server VM (21.0.11+10-alpine-r0) for linux-aarch64-musl JRE (21.0.11+10-alpine-r0), built on 2026-05-04T00:02:54Z by &quot;buildozer&quot; with gcc 15.2.0
</info>
</vm_version>
<vm_arguments>
<args>
-Xms2703m -Xmx2703m -XX:MaxDirectMemorySize=2703m -XX:+UnlockDiagnosticVMOptions -XX:+LogVMOutput -XX:LogFile=/opt/sonatype/nexus/../sonatype-work/nexus3/log/jvm.log -XX:-OmitStackTraceInFastThrow --add-reads=java.xml=java.logging --add-opens=java.base/java.security=ALL-UNNAMED --add-opens=java.base/java.net=ALL-UNNAMED --add-opens=java.base/java.lang=ALL-UNNAMED --add-opens=java.base/java.util=ALL-UNNAMED --add-opens=java.naming/javax.naming.spi=ALL-UNNAMED --add-opens=java.rmi/sun.rmi.transport.tcp=ALL-UNNAMED --add-exports=java.base/sun.net.www.protocol.http=ALL-UNNAMED --add-exports=java.base/sun.net.www.protocol.https=ALL-UNNAMED --add-exports=java.base/sun.net.www.protocol.jar=ALL-UNNAMED --add-exports=jdk.xml.dom/org.w3c.dom.html=ALL-UNNAMED --add-exports=jdk.naming.rmi/com.sun.jndi.url.rmi=ALL-UNNAMED --add-exports=java.security.sasl/com.sun.security.sasl=ALL-UNNAMED --add-exports=java.base/sun.security.x509=ALL-UNNAMED --add-exports=java.base/sun.security.rsa=ALL-UNNAMED --add-exports=java.base/sun.security.pkcs=ALL-UNNAMED -Dkaraf.instances=/opt/sonatype/nexus/instances -Dkaraf.home=/opt/sonatype/nexus -Dkaraf.base=/opt/sonatype/nexus -Dkaraf.data=/opt/sonatype/nexus/../sonatype-work/nexus3 -Dkaraf.etc=/opt/sonatype/nexus/etc/karaf -Dkaraf.log=/opt/sonatype/nexus/../sonatype-work/nexus3/log -Djava.io.tmpdir=/opt/sonatype/nexus/../sonatype-work/nexus3/tmp -Djava.util.logging.config.file=/opt/sonatype/nexus/etc/java.util.logging.properties -Djava.util.prefs.userRoot=/nexus-data/javaprefs </args>
<command>
org.springframework.boot.loader.launch.PropertiesLauncher
</command>
<launcher>
SUN_STANDARD
</launcher>
<properties>
java.vm.specification.name=Java Virtual Machine Specification
java.vm.version=21.0.11+10-alpine-r0
java.vm.name=OpenJDK 64-Bit Server VM
jdk.debug=release
sun.boot.library.path=/usr/lib/jvm/java-21-openjdk/lib
java.library.path=/usr/lib/jvm/java-21-openjdk/lib/server:/usr/lib/jvm/java-21-openjdk/lib:/usr/lib/jvm/java-21-openjdk/../lib:/opt/sonatype/nexus/lib:/opt/sonatype/nexus/lib:/usr/java/packages/lib:/usr/lib64:/lib64:/lib:/usr/lib
java.home=/usr/lib/jvm/java-21-openjdk
java.class.path=/opt/sonatype/nexus/bin/sonatype-nexus-repository-3.94.1-06.jar:/opt/sonatype/nexus/../sonatype-work/nexus3/etc
java.vm.info=mixed mode, sharing
java.vm.specification.vendor=Oracle Corporation
java.vm.specification.version=21
java.vm.vendor=Alpine
karaf.instances=/opt/sonatype/nexus/instances
karaf.home=/opt/sonatype/nexus
karaf.base=/opt/sonatype/nexus
karaf.data=/opt/sonatype/nexus/../sonatype-work/nexus3
karaf.etc=/opt/sonatype/nexus/etc/karaf
karaf.log=/opt/sonatype/nexus/../sonatype-work/nexus3/log
java.io.tmpdir=/opt/sonatype/nexus/../sonatype-work/nexus3/tmp
java.util.logging.config.file=/opt/sonatype/nexus/etc/java.util.logging.properties
java.util.prefs.userRoot=/nexus-data/javaprefs
sun.java.command=org.springframework.boot.loader.launch.PropertiesLauncher
sun.java.launcher=SUN_STANDARD
</properties>
</vm_arguments>
<tty>
<writer thread='142'/>
<blob name='MethodHandlesAdapterBlob' total_size='32448'>
<sect index='1' capacity='32448' size='440' remaining='32008'/>
</blob>
<dependency_failed type='leaf_type' ctxk='java/util/HashMap' witness='java/util/LinkedHashMap' stamp='0.050'/>
<dependency_failed type='leaf_type' ctxk='java/util/HashMap' witness='java/util/LinkedHashMap' stamp='0.050'/>
<dependency_failed type='leaf_type' ctxk='java/util/HashMap' witness='java/util/LinkedHashMap' stamp='0.050'/>
<dependency_failed type='leaf_type' ctxk='java/util/HashMap' witness='java/util/LinkedHashMap' stamp='0.050'/>
<dependency_failed type='leaf_type' ctxk='java/util/jar/JarFile' witness='org/springframework/boot/loader/net/protocol/jar/UrlJarFile' stamp='0.135'/>
<dependency_failed type='leaf_type' ctxk='java/util/jar/JarFile' witness='org/springframework/boot/loader/net/protocol/jar/UrlJarFile' stamp='0.135'/>
<dependency_failed type='unique_concrete_method_4' ctxk='java/lang/ThreadLocal' x='java.lang.ThreadLocal getMap (Ljava/lang/Thread;)Ljava/lang/ThreadLocal$ThreadLocalMap;' x2='java/lang/ThreadLocal' x3='java.lang.ThreadLocal getMap (Ljava/lang/Thread;)Ljava/lang/ThreadLocal$ThreadLocalMap;' witness='java/lang/InheritableThreadLocal' stamp='0.856'/>
<dependency_failed type='unique_concrete_method_4' ctxk='java/lang/ThreadLocal' x='java.lang.ThreadLocal getMap (Ljava/lang/Thread;)Ljava/lang/ThreadLocal$ThreadLocalMap;' x2='java/lang/ThreadLocal' x3='java.lang.ThreadLocal getMap (Ljava/lang/Thread;)Ljava/lang/ThreadLocal$ThreadLocalMap;' witness='java/lang/InheritableThreadLocal' stamp='0.856'/>
<dependency_failed type='unique_concrete_method_4' ctxk='java/util/concurrent/locks/AbstractQueuedSynchronizer' x='java.util.concurrent.locks.ReentrantLock$Sync tryRelease (I)Z' x2='java/util/concurrent/locks/AbstractQueuedSynchronizer' x3='java.util.concurrent.locks.AbstractQueuedSynchronizer tryRelease (I)Z' witness='java/util/concurrent/CountDownLatch$Sync' stamp='1.031'/>
<dependency_failed type='unique_concrete_method_4' ctxk='java/util/Deque' x='java.util.ArrayDeque size ()I' x2='java/util/Deque' x3='java.util.Deque size ()I' witness='java/util/Deque' stamp='1.133'/>
<dependency_failed type='unique_concrete_method_4' ctxk='java/util/Deque' x='java.util.ArrayDeque poll ()Ljava/lang/Object;' x2='java/util/Deque' x3='java.util.Deque poll ()Ljava/lang/Object;' witness='java/util/Deque' stamp='1.133'/>
<dependency_failed type='unique_concrete_method_4' ctxk='java/lang/AbstractStringBuilder' x='java.lang.StringBuilder append (Ljava/lang/String;)Ljava/lang/AbstractStringBuilder;' x2='java/lang/AbstractStringBuilder' x3='java.lang.AbstractStringBuilder append (Ljava/lang/String;)Ljava/lang/AbstractStringBuilder;' witness='java/lang/StringBuffer' stamp='1.541'/>
<dependency_failed type='unique_concrete_method_4' ctxk='java/lang/AbstractStringBuilder' x='java.lang.StringBuilder length ()I' x2='java/lang/AbstractStringBuilder' x3='java.lang.AbstractStringBuilder length ()I' witness='java/lang/StringBuffer' stamp='1.541'/>
<dependency_failed type='unique_concrete_method_4' ctxk='java/lang/AbstractStringBuilder' x='java.lang.StringBuilder length ()I' x2='java/lang/AbstractStringBuilder' x3='java.lang.AbstractStringBuilder length ()I' witness='java/lang/StringBuffer' stamp='1.541'/>
<dependency_failed type='unique_concrete_method_4' ctxk='java/lang/AbstractStringBuilder' x='java.lang.StringBuilder length ()I' x2='java/lang/AbstractStringBuilder' x3='java.lang.AbstractStringBuilder length ()I' witness='java/lang/StringBuffer' stamp='1.541'/>
<dependency_failed type='leaf_type' ctxk='java/util/LinkedHashMap' witness='ch/qos/logback/classic/pattern/NamedConverter$NameCache' stamp='1.548'/>
<dependency_failed type='leaf_type' ctxk='java/util/LinkedHashMap' witness='ch/qos/logback/classic/pattern/NamedConverter$NameCache' stamp='1.548'/>
<dependency_failed type='leaf_type' ctxk='java/util/LinkedHashMap' witness='ch/qos/logback/classic/pattern/NamedConverter$NameCache' stamp='1.548'/>
<dependency_failed type='leaf_type' ctxk='java/util/LinkedHashMap' witness='ch/qos/logback/classic/pattern/NamedConverter$NameCache' stamp='1.548'/>
<dependency_failed type='leaf_type' ctxk='java/util/LinkedHashMap' witness='ch/qos/logback/classic/pattern/NamedConverter$NameCache' stamp='1.548'/>
<dependency_failed type='leaf_type' ctxk='java/util/LinkedHashMap' witness='ch/qos/logback/classic/pattern/NamedConverter$NameCache' stamp='1.548'/>
<dependency_failed type='leaf_type' ctxk='java/util/LinkedHashMap' witness='ch/qos/logback/classic/pattern/NamedConverter$NameCache' stamp='1.548'/>
<dependency_failed type='unique_concrete_method_4' ctxk='java/util/LinkedHashMap' x='java.util.LinkedHashMap removeEldestEntry (Ljava/util/Map$Entry;)Z' x2='java/util/LinkedHashMap' x3='java.util.LinkedHashMap removeEldestEntry (Ljava/util/Map$Entry;)Z' witness='ch/qos/logback/classic/pattern/NamedConverter$NameCache' stamp='1.551'/>
<dependency_failed type='unique_concrete_method_4' ctxk='java/util/LinkedHashMap' x='java.util.LinkedHashMap removeEldestEntry (Ljava/util/Map$Entry;)Z' x2='java/util/LinkedHashMap' x3='java.util.LinkedHashMap removeEldestEntry (Ljava/util/Map$Entry;)Z' witness='ch/qos/logback/classic/pattern/NamedConverter$NameCache' stamp='1.551'/>
<dependency_failed type='unique_concrete_method_4' ctxk='java/util/LinkedHashMap' x='java.util.LinkedHashMap removeEldestEntry (Ljava/util/Map$Entry;)Z' x2='java/util/LinkedHashMap' x3='java.util.LinkedHashMap removeEldestEntry (Ljava/util/Map$Entry;)Z' witness='ch/qos/logback/classic/pattern/NamedConverter$NameCache' stamp='1.551'/>
<dependency_failed type='unique_concrete_method_4' ctxk='java/util/LinkedHashMap' x='java.util.LinkedHashMap removeEldestEntry (Ljava/util/Map$Entry;)Z' x2='java/util/LinkedHashMap' x3='java.util.LinkedHashMap removeEldestEntry (Ljava/util/Map$Entry;)Z' witness='ch/qos/logback/classic/pattern/NamedConverter$NameCache' stamp='1.551'/>
<dependency_failed type='abstract_with_unique_concrete_subtype' ctxk='java/lang/CharacterData' x='java/lang/CharacterDataLatin1' witness='java/lang/CharacterData00' stamp='1.593'/>
<dependency_failed type='abstract_with_unique_concrete_subtype' ctxk='java/lang/CharacterData' x='java/lang/CharacterDataLatin1' witness='java/lang/CharacterData00' stamp='1.593'/>
<dependency_failed type='abstract_with_unique_concrete_subtype' ctxk='java/lang/CharacterData' x='java/lang/CharacterDataLatin1' witness='java/lang/CharacterData00' stamp='1.593'/>
<dependency_failed type='abstract_with_unique_concrete_subtype' ctxk='java/lang/CharacterData' x='java/lang/CharacterDataLatin1' witness='java/lang/CharacterData00' stamp='1.593'/>
<dependency_failed type='abstract_with_unique_concrete_subtype' ctxk='java/lang/CharacterData' x='java/lang/CharacterDataLatin1' witness='java/lang/CharacterData00' stamp='1.593'/>
<dependency_failed type='abstract_with_unique_concrete_subtype' ctxk='java/lang/CharacterData' x='java/lang/CharacterDataLatin1' witness='java/lang/CharacterData00' stamp='1.594'/>
<dependency_failed type='leaf_type' ctxk='java/lang/SecurityException' witness='java/security/AccessControlException' stamp='1.841'/>
<writer thread='165'/>
<dependency_failed type='unique_concrete_method_4' ctxk='java/util/HashMap' x='java.util.HashMap containsKey (Ljava/lang/Object;)Z' x2='java/util/HashMap' x3='java.util.HashMap containsKey (Ljava/lang/Object;)Z' witness='org/springframework/util/LinkedCaseInsensitiveMap$1' stamp='1.986'/>
<dependency_failed type='unique_concrete_method_4' ctxk='java/util/HashMap' x='java.util.HashMap containsKey (Ljava/lang/Object;)Z' x2='java/util/HashMap' x3='java.util.HashMap containsKey (Ljava/lang/Object;)Z' witness='org/springframework/util/LinkedCaseInsensitiveMap$1' stamp='1.986'/>
<dependency_failed type='unique_concrete_method_4' ctxk='java/util/HashMap' x='java.util.HashMap containsKey (Ljava/lang/Object;)Z' x2='java/util/HashMap' x3='java.util.HashMap containsKey (Ljava/lang/Object;)Z' witness='org/springframework/util/LinkedCaseInsensitiveMap$1' stamp='1.986'/>
<dependency_failed type='unique_concrete_method_4' ctxk='java/util/HashMap' x='java.util.HashMap containsKey (Ljava/lang/Object;)Z' x2='java/util/HashMap' x3='java.util.HashMap containsKey (Ljava/lang/Object;)Z' witness='org/springframework/util/LinkedCaseInsensitiveMap$1' stamp='1.986'/>
<writer thread='142'/>
<dependency_failed type='leaf_type' ctxk='org/codehaus/groovy/runtime/metaclass/NewInstanceMetaMethod' witness='org/codehaus/groovy/runtime/GroovyCategorySupport$CategoryMethod' stamp='2.008'/>
<dependency_failed type='leaf_type' ctxk='java/util/ArrayDeque' witness='org/springframework/context/annotation/ConfigurationClassParser$ImportStack' stamp='2.234'/>
<dependency_failed type='leaf_type' ctxk='java/util/ArrayDeque' witness='org/springframework/context/annotation/ConfigurationClassParser$ImportStack' stamp='2.234'/>
<dependency_failed type='leaf_type' ctxk='java/util/ArrayDeque' witness='org/springframework/context/annotation/ConfigurationClassParser$ImportStack' stamp='2.234'/>
<dependency_failed type='leaf_type' ctxk='java/util/ArrayDeque' witness='org/springframework/context/annotation/ConfigurationClassParser$ImportStack' stamp='2.234'/>
<dependency_failed type='leaf_type' ctxk='java/util/ArrayDeque' witness='org/springframework/context/annotation/ConfigurationClassParser$ImportStack' stamp='2.234'/>
<dependency_failed type='unique_concrete_method_4' ctxk='java/util/NavigableMap' x='java.util.TreeMap put (Ljava/lang/Object;Ljava/lang/Object;)Ljava/lang/Object;' x2='java/util/NavigableMap' x3='java.util.NavigableMap put (Ljava/lang/Object;Ljava/lang/Object;)Ljava/lang/Object;' witness='java/util/NavigableMap' stamp='2.507'/>
<dependency_failed type='unique_concrete_method_4' ctxk='java/util/NavigableMap' x='java.util.TreeMap put (Ljava/lang/Object;Ljava/lang/Object;)Ljava/lang/Object;' x2='java/util/NavigableMap' x3='java.util.NavigableMap put (Ljava/lang/Object;Ljava/lang/Object;)Ljava/lang/Object;' witness='java/util/NavigableMap' stamp='2.507'/>
<dependency_failed type='unique_concrete_method_4' ctxk='java/util/function/UnaryOperator' x='org.springframework.boot.context.properties.source.SpringIterableConfigurationPropertySource$$Lambda/0x000000c8010db818 apply (Ljava/lang/Object;)Ljava/lang/Object;' x2='java/util/function/UnaryOperator' x3='java.util.function.UnaryOperator apply (Ljava/lang/Object;)Ljava/lang/Object;' witness='java/util/function/UnaryOperator' stamp='2.859'/>
<dependency_failed type='unique_concrete_method_4' ctxk='org/springframework/asm/ClassVisitor' x='org.springframework.core.type.classreading.SimpleAnnotationMetadataReadingVisitor visit (IILjava/lang/String;Ljava/lang/String;Ljava/lang/String;[Ljava/lang/String;)V' x2='org/springframework/asm/ClassVisitor' x3='org.springframework.asm.ClassVisitor visit (IILjava/lang/String;Ljava/lang/String;Ljava/lang/String;[Ljava/lang/String;)V' witness='org/springframework/cglib/core/DebuggingClassWriter' stamp='4.913'/>
<dependency_failed type='unique_concrete_method_4' ctxk='org/springframework/asm/ClassVisitor' x='org.springframework.core.type.classreading.SimpleAnnotationMetadataReadingVisitor visitMethod (ILjava/lang/String;Ljava/lang/String;Ljava/lang/String;[Ljava/lang/String;)Lorg/springframework/asm/MethodVisitor;' x2='org/springframework/asm/ClassVisitor' x3='org.springframework.asm.ClassVisitor visitMethod (ILjava/lang/String;Ljava/lang/String;Ljava/lang/String;[Ljava/lang/String;)Lorg/springframework/asm/MethodVisitor;' witness='org/springframework/cglib/core/DebuggingClassWriter' stamp='4.913'/>
<dependency_failed type='unique_concrete_method_4' ctxk='org/springframework/asm/ClassVisitor' x='org.springframework.asm.ClassVisitor visitField (ILjava/lang/String;Ljava/lang/String;Ljava/lang/String;Ljava/lang/Object;)Lorg/springframework/asm/FieldVisitor;' x2='org/springframework/asm/ClassVisitor' x3='org.springframework.asm.ClassVisitor visitField (ILjava/lang/String;Ljava/lang/String;Ljava/lang/String;Ljava/lang/Object;)Lorg/springframework/asm/FieldVisitor;' witness='org/springframework/asm/ClassWriter' stamp='4.930'/>
<dependency_failed type='unique_concrete_method_4' ctxk='org/springframework/asm/ClassVisitor' x='org.springframework.asm.ClassVisitor visitField (ILjava/lang/String;Ljava/lang/String;Ljava/lang/String;Ljava/lang/Object;)Lorg/springframework/asm/FieldVisitor;' x2='org/springframework/asm/ClassVisitor' x3='org.springframework.asm.ClassVisitor visitField (ILjava/lang/String;Ljava/lang/String;Ljava/lang/String;Ljava/lang/Object;)Lorg/springframework/asm/FieldVisitor;' witness='org/springframework/asm/ClassWriter' stamp='4.930'/>
<dependency_failed type='leaf_type' ctxk='java/util/ArrayList' witness='org/springframework/beans/factory/support/ManagedList' stamp='5.964'/>
<dependency_failed type='leaf_type' ctxk='java/util/ArrayList' witness='org/springframework/beans/factory/support/ManagedList' stamp='5.964'/>
<dependency_failed type='leaf_type' ctxk='java/util/ArrayList' witness='org/springframework/beans/factory/support/ManagedList' stamp='5.964'/>
<dependency_failed type='leaf_type' ctxk='java/util/ArrayList' witness='org/springframework/beans/factory/support/ManagedList' stamp='5.964'/>
<dependency_failed type='leaf_type' ctxk='java/util/ArrayList' witness='org/springframework/beans/factory/support/ManagedList' stamp='5.964'/>
<dependency_failed type='leaf_type' ctxk='java/util/ArrayList' witness='org/springframework/beans/factory/support/ManagedList' stamp='5.964'/>
<dependency_failed type='leaf_type' ctxk='java/util/ArrayList' witness='org/springframework/beans/factory/support/ManagedList' stamp='5.964'/>
<dependency_failed type='leaf_type' ctxk='java/util/ArrayList' witness='org/springframework/beans/factory/support/ManagedList' stamp='5.964'/>
<dependency_failed type='leaf_type' ctxk='java/util/ArrayList' witness='org/springframework/beans/factory/support/ManagedList' stamp='5.964'/>
<dependency_failed type='leaf_type' ctxk='java/util/ArrayList' witness='org/springframework/beans/factory/support/ManagedList' stamp='5.964'/>
<dependency_failed type='leaf_type' ctxk='java/util/ArrayList' witness='org/springframework/beans/factory/support/ManagedList' stamp='5.964'/>
<dependency_failed type='leaf_type' ctxk='java/util/ArrayList' witness='org/springframework/beans/factory/support/ManagedList' stamp='5.964'/>
<dependency_failed type='leaf_type' ctxk='java/util/ArrayList' witness='org/springframework/beans/factory/support/ManagedList' stamp='5.964'/>
<dependency_failed type='leaf_type' ctxk='java/util/ArrayList' witness='org/springframework/beans/factory/support/ManagedList' stamp='5.964'/>
<dependency_failed type='leaf_type' ctxk='java/util/ArrayList' witness='org/springframework/beans/factory/support/ManagedList' stamp='5.964'/>
<dependency_failed type='leaf_type' ctxk='java/util/ArrayList' witness='org/springframework/beans/factory/support/ManagedList' stamp='5.964'/>
<dependency_failed type='leaf_type' ctxk='java/util/ArrayList' witness='org/springframework/beans/factory/support/ManagedList' stamp='5.964'/>
<dependency_failed type='leaf_type' ctxk='java/util/ArrayList' witness='org/springframework/beans/factory/support/ManagedList' stamp='5.964'/>
<dependency_failed type='leaf_type' ctxk='java/util/ArrayList' witness='org/springframework/beans/factory/support/ManagedList' stamp='5.965'/>
<dependency_failed type='leaf_type' ctxk='java/util/ArrayList' witness='org/springframework/beans/factory/support/ManagedList' stamp='5.965'/>
<dependency_failed type='leaf_type' ctxk='java/util/LinkedHashSet' witness='org/springframework/beans/factory/support/ManagedSet' stamp='6.002'/>
<dependency_failed type='leaf_type' ctxk='java/util/LinkedHashSet' witness='org/springframework/beans/factory/support/ManagedSet' stamp='6.002'/>
<dependency_failed type='leaf_type' ctxk='java/util/LinkedHashSet' witness='org/springframework/beans/factory/support/ManagedSet' stamp='6.002'/>
<dependency_failed type='leaf_type' ctxk='java/util/LinkedHashSet' witness='org/springframework/beans/factory/support/ManagedSet' stamp='6.002'/>
<dependency_failed type='unique_concrete_method_4' ctxk='org/springframework/beans/factory/ObjectFactory' x='org.springframework.beans.factory.support.AbstractBeanFactory$$Lambda/0x000000c8013433b0 getObject ()Ljava/lang/Object;' x2='org/springframework/beans/factory/ObjectFactory' x3='org.springframework.beans.factory.ObjectFactory getObject ()Ljava/lang/Object;' witness='org/springframework/beans/factory/ObjectFactory' stamp='8.719'/>
<dependency_failed type='unique_concrete_method_4' ctxk='org/springframework/beans/factory/ObjectFactory' x='org.springframework.beans.factory.support.AbstractBeanFactory$$Lambda/0x000000c8013433b0 getObject ()Ljava/lang/Object;' x2='org/springframework/beans/factory/ObjectFactory' x3='org.springframework.beans.factory.ObjectFactory getObject ()Ljava/lang/Object;' witness='org/springframework/beans/factory/ObjectFactory' stamp='8.720'/>
<dependency_failed type='unique_concrete_method_4' ctxk='java/lang/Throwable' x='java.lang.Throwable toString ()Ljava/lang/String;' x2='java/lang/Throwable' x3='java.lang.Throwable toString ()Ljava/lang/String;' witness='org/springframework/beans/factory/BeanCreationException' stamp='8.854'/>
<dependency_failed type='unique_concrete_method_4' ctxk='org/springframework/util/MultiValueMap' x='org.springframework.util.MultiValueMapAdapter isEmpty ()Z' x2='org/springframework/util/MultiValueMap' x3='org.springframework.util.MultiValueMap isEmpty ()Z' witness='org/springframework/util/MultiValueMap' stamp='9.161'/>
<dependency_failed type='unique_concrete_method_4' ctxk='org/springframework/util/MultiValueMap' x='org.springframework.util.MultiValueMapAdapter add (Ljava/lang/Object;Ljava/lang/Object;)V' x2='org/springframework/util/MultiValueMap' x3='org.springframework.util.MultiValueMap add (Ljava/lang/Object;Ljava/lang/Object;)V' witness='org/springframework/util/MultiValueMap' stamp='9.161'/>
<dependency_failed type='leaf_type' ctxk='java/util/concurrent/atomic/AtomicLong' witness='reactor/netty/resources/DefaultLoopResources' stamp='9.674'/>
<dependency_failed type='no_finalizable_subclasses' ctxk='java/lang/Object' witness='org/apache/http/impl/conn/PoolingHttpClientConnectionManager' stamp='11.925'/>
<dependency_failed type='leaf_type' ctxk='java/util/Collections$SynchronizedSet' witness='java/util/Collections$SynchronizedSortedSet' stamp='23.421'/>
<dependency_failed type='leaf_type' ctxk='java/util/zip/ZipInputStream' witness='java/util/jar/JarInputStream' stamp='24.891'/>
<dependency_failed type='leaf_type' ctxk='java/util/Collections$UnmodifiableMap' witness='java/util/Collections$UnmodifiableSortedMap' stamp='24.931'/>
<dependency_failed type='leaf_type' ctxk='java/util/ArrayList$Itr' witness='java/util/ArrayList$ListItr' stamp='25.294'/>
<dependency_failed type='leaf_type' ctxk='java/util/ArrayList$Itr' witness='java/util/ArrayList$ListItr' stamp='25.294'/>
<dependency_failed type='leaf_type' ctxk='java/util/ArrayList$Itr' witness='java/util/ArrayList$ListItr' stamp='25.294'/>
<dependency_failed type='leaf_type' ctxk='java/util/ArrayList$Itr' witness='java/util/ArrayList$ListItr' stamp='25.294'/>
<dependency_failed type='leaf_type' ctxk='java/io/ByteArrayOutputStream' witness='sun/security/util/DerOutputStream' stamp='26.390'/>
<dependency_failed type='leaf_type' ctxk='java/io/ByteArrayOutputStream' witness='sun/security/util/DerOutputStream' stamp='26.390'/>
<dependency_failed type='abstract_with_unique_concrete_subtype' ctxk='java/nio/channels/spi/AbstractInterruptibleChannel' x='sun/nio/ch/FileChannelImpl' witness='sun/nio/ch/SocketChannelImpl' stamp='26.458'/>
<dependency_failed type='unique_concrete_method_4' ctxk='java/net/URLStreamHandler' x='java.net.URLStreamHandler getDefaultPort ()I' x2='java/net/URLStreamHandler' x3='java.net.URLStreamHandler getDefaultPort ()I' witness='sun/net/www/protocol/http/Handler' stamp='26.467'/>
<dependency_failed type='unique_concrete_method_4' ctxk='java/net/URLStreamHandler' x='java.net.URLStreamHandler getDefaultPort ()I' x2='java/net/URLStreamHandler' x3='java.net.URLStreamHandler getDefaultPort ()I' witness='sun/net/www/protocol/http/Handler' stamp='26.467'/>
<dependency_failed type='unique_concrete_method_4' ctxk='java/net/URLStreamHandler' x='java.net.URLStreamHandler getDefaultPort ()I' x2='java/net/URLStreamHandler' x3='java.net.URLStreamHandler getDefaultPort ()I' witness='sun/net/www/protocol/http/Handler' stamp='26.467'/>
<dependency_failed type='unique_concrete_method_4' ctxk='java/net/URLStreamHandler' x='java.net.URLStreamHandler getDefaultPort ()I' x2='java/net/URLStreamHandler' x3='java.net.URLStreamHandler getDefaultPort ()I' witness='sun/net/www/protocol/http/Handler' stamp='26.467'/>
<dependency_failed type='unique_concrete_method_4' ctxk='java/net/URLStreamHandler' x='java.net.URLStreamHandler getDefaultPort ()I' x2='java/net/URLStreamHandler' x3='java.net.URLStreamHandler getDefaultPort ()I' witness='sun/net/www/protocol/http/Handler' stamp='26.467'/>
<dependency_failed type='unique_concrete_method_4' ctxk='java/net/URLStreamHandler' x='java.net.URLStreamHandler getDefaultPort ()I' x2='java/net/URLStreamHandler' x3='java.net.URLStreamHandler getDefaultPort ()I' witness='sun/net/www/protocol/http/Handler' stamp='26.467'/>
<dependency_failed type='unique_concrete_method_4' ctxk='java/net/URLStreamHandler' x='java.net.URLStreamHandler getDefaultPort ()I' x2='java/net/URLStreamHandler' x3='java.net.URLStreamHandler getDefaultPort ()I' witness='sun/net/www/protocol/http/Handler' stamp='26.467'/>
<dependency_failed type='unique_concrete_method_4' ctxk='java/net/URLStreamHandler' x='java.net.URLStreamHandler getDefaultPort ()I' x2='java/net/URLStreamHandler' x3='java.net.URLStreamHandler getDefaultPort ()I' witness='sun/net/www/protocol/http/Handler' stamp='26.467'/>
<dependency_failed type='unique_concrete_method_4' ctxk='java/net/URLStreamHandler' x='java.net.URLStreamHandler getDefaultPort ()I' x2='java/net/URLStreamHandler' x3='java.net.URLStreamHandler getDefaultPort ()I' witness='sun/net/www/protocol/http/Handler' stamp='26.467'/>
<dependency_failed type='unique_concrete_method_4' ctxk='java/net/URLStreamHandler' x='java.net.URLStreamHandler getDefaultPort ()I' x2='java/net/URLStreamHandler' x3='java.net.URLStreamHandler getDefaultPort ()I' witness='sun/net/www/protocol/http/Handler' stamp='26.467'/>
<dependency_failed type='unique_concrete_method_4' ctxk='java/net/URLStreamHandler' x='java.net.URLStreamHandler getDefaultPort ()I' x2='java/net/URLStreamHandler' x3='java.net.URLStreamHandler getDefaultPort ()I' witness='sun/net/www/protocol/http/Handler' stamp='26.467'/>
<dependency_failed type='unique_concrete_method_4' ctxk='java/net/URLStreamHandler' x='java.net.URLStreamHandler getDefaultPort ()I' x2='java/net/URLStreamHandler' x3='java.net.URLStreamHandler getDefaultPort ()I' witness='sun/net/www/protocol/http/Handler' stamp='26.467'/>
<dependency_failed type='leaf_type' ctxk='java/security/cert/Certificate' witness='java/security/cert/X509Certificate' stamp='26.513'/>
<dependency_failed type='leaf_type' ctxk='java/security/cert/Certificate' witness='java/security/cert/X509Certificate' stamp='26.513'/>
<dependency_failed type='leaf_type' ctxk='java/security/cert/Certificate' witness='java/security/cert/X509Certificate' stamp='26.513'/>
<dependency_failed type='unique_concrete_method_4' ctxk='org/bouncycastle/math/ec/ECCurve' x='org.bouncycastle.math.ec.ECCurve$F2m getInfinity ()Lorg/bouncycastle/math/ec/ECPoint;' x2='org/bouncycastle/math/ec/ECCurve' x3='org.bouncycastle.math.ec.ECCurve getInfinity ()Lorg/bouncycastle/math/ec/ECPoint;' witness='org/bouncycastle/math/ec/ECCurve$Fp' stamp='27.227'/>
<dependency_failed type='unique_concrete_method_4' ctxk='org/bouncycastle/math/ec/ECCurve' x='org.bouncycastle.math.ec.ECCurve$F2m getInfinity ()Lorg/bouncycastle/math/ec/ECPoint;' x2='org/bouncycastle/math/ec/ECCurve' x3='org.bouncycastle.math.ec.ECCurve getInfinity ()Lorg/bouncycastle/math/ec/ECPoint;' witness='org/bouncycastle/math/ec/ECCurve$Fp' stamp='27.227'/>
<dependency_failed type='unique_concrete_method_4' ctxk='org/bouncycastle/math/ec/ECFieldElement' x='org.bouncycastle.math.ec.ECFieldElement$F2m isZero ()Z' x2='org/bouncycastle/math/ec/ECFieldElement' x3='org.bouncycastle.math.ec.ECFieldElement isZero ()Z' witness='org/bouncycastle/math/ec/ECFieldElement$Fp' stamp='27.229'/>
<dependency_failed type='unique_concrete_method_4' ctxk='org/springframework/beans/factory/annotation/InjectionMetadata$InjectedElement' x='org.springframework.beans.factory.annotation.AutowiredAnnotationBeanPostProcessor$AutowiredMethodElement inject (Ljava/lang/Object;Ljava/lang/String;Lorg/springframework/beans/PropertyValues;)V' x2='org/springframework/beans/factory/annotation/InjectionMetadata$InjectedElement' x3='org.springframework.beans.factory.annotation.InjectionMetadata$InjectedElement inject (Ljava/lang/Object;Ljava/lang/String;Lorg/springframework/beans/PropertyValues;)V' witness='org/springframework/beans/factory/annotation/AutowiredAnnotationBeanPostProcessor$AutowiredFieldElement' stamp='28.180'/>
<dependency_failed type='unique_concrete_method_4' ctxk='org/springframework/cglib/core/ClassEmitter' x='org.springframework.cglib.core.ClassEmitter begin_method (ILorg/springframework/cglib/core/Signature;[Lorg/springframework/asm/Type;)Lorg/springframework/cglib/core/CodeEmitter;' x2='org/springframework/cglib/core/ClassEmitter' x3='org.springframework.cglib.core.ClassEmitter begin_method (ILorg/springframework/cglib/core/Signature;[Lorg/springframework/asm/Type;)Lorg/springframework/cglib/core/CodeEmitter;' witness='org/springframework/cglib/transform/impl/UndeclaredThrowableTransformer' stamp='28.691'/>
<dependency_failed type='unique_concrete_method_4' ctxk='org/springframework/cglib/core/CodeEmitter' x='org.springframework.cglib.core.CodeEmitter visitMaxs (II)V' x2='org/springframework/cglib/core/CodeEmitter' x3='org.springframework.cglib.core.CodeEmitter visitMaxs (II)V' witness='org/springframework/cglib/transform/impl/UndeclaredThrowableTransformer$1' stamp='28.694'/>
<dependency_failed type='unique_concrete_method_4' ctxk='java/util/stream/AbstractPipeline' x='java.util.stream.AbstractPipeline exactOutputSize (J)J' x2='java/util/stream/AbstractPipeline' x3='java.util.stream.AbstractPipeline exactOutputSize (J)J' witness='java/util/stream/SliceOps$1' stamp='28.960'/>
<dependency_failed type='unique_concrete_method_4' ctxk='java/util/stream/AbstractPipeline' x='java.util.stream.AbstractPipeline exactOutputSize (J)J' x2='java/util/stream/AbstractPipeline' x3='java.util.stream.AbstractPipeline exactOutputSize (J)J' witness='java/util/stream/SliceOps$1' stamp='28.960'/>
<dependency_failed type='unique_concrete_method_4' ctxk='java/util/stream/AbstractPipeline' x='java.util.stream.AbstractPipeline exactOutputSize (J)J' x2='java/util/stream/AbstractPipeline' x3='java.util.stream.AbstractPipeline exactOutputSize (J)J' witness='java/util/stream/SliceOps$1' stamp='28.960'/>
<dependency_failed type='unique_concrete_method_4' ctxk='java/util/stream/AbstractPipeline' x='java.util.stream.AbstractPipeline exactOutputSize (J)J' x2='java/util/stream/AbstractPipeline' x3='java.util.stream.AbstractPipeline exactOutputSize (J)J' witness='java/util/stream/SliceOps$1' stamp='28.960'/>
<dependency_failed type='unique_concrete_method_4' ctxk='java/lang/ClassLoader' x='java.lang.ClassLoader loadClass (Ljava/lang/String;)Ljava/lang/Class;' x2='java/lang/ClassLoader' x3='java.lang.ClassLoader loadClass (Ljava/lang/String;)Ljava/lang/Class;' witness='org/ehcache/core/util/ClassLoading$ChainedClassLoader' stamp='29.228'/>
<dependency_failed type='unique_concrete_method_4' ctxk='java/lang/ClassLoader' x='java.lang.ClassLoader loadClass (Ljava/lang/String;)Ljava/lang/Class;' x2='java/lang/ClassLoader' x3='java.lang.ClassLoader loadClass (Ljava/lang/String;)Ljava/lang/Class;' witness='org/ehcache/core/util/ClassLoading$ChainedClassLoader' stamp='29.228'/>
<dependency_failed type='unique_concrete_method_4' ctxk='java/lang/ClassLoader' x='java.lang.ClassLoader getResource (Ljava/lang/String;)Ljava/net/URL;' x2='java/lang/ClassLoader' x3='java.lang.ClassLoader getResource (Ljava/lang/String;)Ljava/net/URL;' witness='org/ehcache/core/util/ClassLoading$ChainedClassLoader' stamp='29.228'/>
<dependency_failed type='unique_concrete_method_4' ctxk='java/lang/ClassLoader' x='java.lang.ClassLoader getResource (Ljava/lang/String;)Ljava/net/URL;' x2='java/lang/ClassLoader' x3='java.lang.ClassLoader getResource (Ljava/lang/String;)Ljava/net/URL;' witness='org/ehcache/core/util/ClassLoading$ChainedClassLoader' stamp='29.228'/>
<dependency_failed type='unique_concrete_method_4' ctxk='java/lang/ClassLoader' x='java.lang.ClassLoader loadClass (Ljava/lang/String;)Ljava/lang/Class;' x2='java/lang/ClassLoader' x3='java.lang.ClassLoader loadClass (Ljava/lang/String;)Ljava/lang/Class;' witness='org/ehcache/core/util/ClassLoading$ChainedClassLoader' stamp='29.228'/>
<dependency_failed type='unique_concrete_method_4' ctxk='java/lang/ClassLoader' x='java.lang.ClassLoader getResource (Ljava/lang/String;)Ljava/net/URL;' x2='java/lang/ClassLoader' x3='java.lang.ClassLoader getResource (Ljava/lang/String;)Ljava/net/URL;' witness='org/ehcache/core/util/ClassLoading$ChainedClassLoader' stamp='29.228'/>
<dependency_failed type='leaf_type' ctxk='com/sun/org/apache/xerces/internal/util/NamespaceSupport' witness='com/sun/org/apache/xerces/internal/impl/xs/SchemaNamespaceSupport' stamp='29.337'/>
<dependency_failed type='leaf_type' ctxk='com/sun/org/apache/xerces/internal/util/NamespaceSupport' witness='com/sun/org/apache/xerces/internal/impl/xs/SchemaNamespaceSupport' stamp='29.337'/>
<dependency_failed type='leaf_type' ctxk='com/sun/org/apache/xerces/internal/util/NamespaceSupport' witness='com/sun/org/apache/xerces/internal/impl/xs/SchemaNamespaceSupport' stamp='29.337'/>
<dependency_failed type='leaf_type' ctxk='com/sun/org/apache/xerces/internal/xni/QName' witness='com/sun/org/apache/xerces/internal/impl/dv/xs/QNameDV$XQName' stamp='29.339'/>
<dependency_failed type='leaf_type' ctxk='com/sun/org/apache/xerces/internal/xni/QName' witness='com/sun/org/apache/xerces/internal/impl/dv/xs/QNameDV$XQName' stamp='29.339'/>
<dependency_failed type='leaf_type' ctxk='com/sun/org/apache/xerces/internal/xni/QName' witness='com/sun/org/apache/xerces/internal/impl/dv/xs/QNameDV$XQName' stamp='29.339'/>
<dependency_failed type='leaf_type' ctxk='com/sun/org/apache/xerces/internal/xni/QName' witness='com/sun/org/apache/xerces/internal/impl/dv/xs/QNameDV$XQName' stamp='29.339'/>
<dependency_failed type='leaf_type' ctxk='com/sun/org/apache/xerces/internal/xni/QName' witness='com/sun/org/apache/xerces/internal/impl/dv/xs/QNameDV$XQName' stamp='29.339'/>
<dependency_failed type='leaf_type' ctxk='com/sun/org/apache/xerces/internal/xni/QName' witness='com/sun/org/apache/xerces/internal/impl/dv/xs/QNameDV$XQName' stamp='29.340'/>
<dependency_failed type='leaf_type' ctxk='com/sun/org/apache/xerces/internal/xni/QName' witness='com/sun/org/apache/xerces/internal/impl/dv/xs/QNameDV$XQName' stamp='29.340'/>
<dependency_failed type='leaf_type' ctxk='com/sun/org/apache/xerces/internal/xni/QName' witness='com/sun/org/apache/xerces/internal/impl/dv/xs/QNameDV$XQName' stamp='29.340'/>
<dependency_failed type='leaf_type' ctxk='com/sun/org/apache/xerces/internal/xni/QName' witness='com/sun/org/apache/xerces/internal/impl/dv/xs/QNameDV$XQName' stamp='29.340'/>
<dependency_failed type='unique_concrete_method_4' ctxk='com/sun/org/apache/xerces/internal/parsers/AbstractXMLDocumentParser' x='com.sun.org.apache.xerces.internal.parsers.AbstractSAXParser startElement (Lcom/sun/org/apache/xerces/internal/xni/QName;Lcom/sun/org/apache/xerces/internal/xni/XMLAttributes;Lcom/sun/org/apache/xerces/internal/xni/Augmentations;)V' x2='com/sun/org/apache/xerces/internal/parsers/AbstractXMLDocumentParser' x3='com.sun.org.apache.xerces.internal.parsers.AbstractXMLDocumentParser startElement (Lcom/sun/org/apache/xerces/internal/xni/QName;Lcom/sun/org/apache/xerces/internal/xni/XMLAttributes;Lcom/sun/org/apache/xerces/internal/xni/Augmentations;)V' witness='com/sun/org/apache/xerces/internal/parsers/AbstractDOMParser' stamp='29.404'/>
<dependency_failed type='unique_concrete_method_4' ctxk='org/w3c/dom/Element' x='com.sun.org.apache.xerces.internal.impl.xs.opti.NodeImpl getLocalName ()Ljava/lang/String;' x2='org/w3c/dom/Element' x3='org.w3c.dom.Node getLocalName ()Ljava/lang/String;' witness='org/w3c/dom/Element' stamp='29.420'/>
<dependency_failed type='unique_concrete_method_4' ctxk='com/sun/org/apache/xerces/internal/xni/NamespaceContext' x='com.sun.org.apache.xerces.internal.util.NamespaceSupport getPrefix (Ljava/lang/String;)Ljava/lang/String;' x2='com/sun/org/apache/xerces/internal/xni/NamespaceContext' x3='com.sun.org.apache.xerces.internal.xni.NamespaceContext getPrefix (Ljava/lang/String;)Ljava/lang/String;' witness='com/sun/org/apache/xerces/internal/xni/NamespaceContext' stamp='29.429'/>
<dependency_failed type='unique_concrete_method_4' ctxk='com/sun/org/apache/xerces/internal/xni/NamespaceContext' x='com.sun.org.apache.xerces.internal.util.NamespaceSupport declarePrefix (Ljava/lang/String;Ljava/lang/String;)Z' x2='com/sun/org/apache/xerces/internal/xni/NamespaceContext' x3='com.sun.org.apache.xerces.internal.xni.NamespaceContext declarePrefix (Ljava/lang/String;Ljava/lang/String;)Z' witness='com/sun/org/apache/xerces/internal/xni/NamespaceContext' stamp='29.429'/>
<dependency_failed type='unique_concrete_method_4' ctxk='com/sun/org/apache/xerces/internal/xni/NamespaceContext' x='com.sun.org.apache.xerces.internal.util.NamespaceSupport pushContext ()V' x2='com/sun/org/apache/xerces/internal/xni/NamespaceContext' x3='com.sun.org.apache.xerces.internal.xni.NamespaceContext pushContext ()V' witness='com/sun/org/apache/xerces/internal/xni/NamespaceContext' stamp='29.429'/>
<dependency_failed type='unique_concrete_method_4' ctxk='com/sun/org/apache/xerces/internal/xni/NamespaceContext' x='com.sun.org.apache.xerces.internal.util.NamespaceSupport popContext ()V' x2='com/sun/org/apache/xerces/internal/xni/NamespaceContext' x3='com.sun.org.apache.xerces.internal.xni.NamespaceContext popContext ()V' witness='com/sun/org/apache/xerces/internal/xni/NamespaceContext' stamp='29.429'/>
<dependency_failed type='unique_concrete_method_4' ctxk='org/w3c/dom/Attr' x='com.sun.org.apache.xerces.internal.impl.xs.opti.AttrImpl getValue ()Ljava/lang/String;' x2='org/w3c/dom/Attr' x3='org.w3c.dom.Attr getValue ()Ljava/lang/String;' witness='org/w3c/dom/Attr' stamp='29.433'/>
<dependency_failed type='unique_concrete_method_4' ctxk='org/slf4j/Logger' x='ch.qos.logback.classic.Logger isWarnEnabled ()Z' x2='org/slf4j/Logger' x3='org.slf4j.Logger isWarnEnabled ()Z' witness='org/slf4j/Logger' stamp='29.804'/>
<dependency_failed type='unique_concrete_method_4' ctxk='org/slf4j/Logger' x='ch.qos.logback.classic.Logger warn (Ljava/lang/String;[Ljava/lang/Object;)V' x2='org/slf4j/Logger' x3='org.slf4j.Logger warn (Ljava/lang/String;[Ljava/lang/Object;)V' witness='org/slf4j/Logger' stamp='29.804'/>
<dependency_failed type='unique_concrete_method_4' ctxk='org/slf4j/Logger' x='ch.qos.logback.classic.Logger isWarnEnabled ()Z' x2='org/slf4j/Logger' x3='org.slf4j.Logger isWarnEnabled ()Z' witness='org/slf4j/Logger' stamp='29.804'/>
<dependency_failed type='unique_concrete_method_4' ctxk='org/slf4j/Logger' x='ch.qos.logback.classic.Logger warn (Ljava/lang/String;Ljava/lang/Object;Ljava/lang/Object;)V' x2='org/slf4j/Logger' x3='org.slf4j.Logger warn (Ljava/lang/String;Ljava/lang/Object;Ljava/lang/Object;)V' witness='org/slf4j/Logger' stamp='29.804'/>
<dependency_failed type='unique_concrete_method_4' ctxk='org/slf4j/Logger' x='ch.qos.logback.classic.Logger warn (Ljava/lang/String;Ljava/lang/Object;Ljava/lang/Object;)V' x2='org/slf4j/Logger' x3='org.slf4j.Logger warn (Ljava/lang/String;Ljava/lang/Object;Ljava/lang/Object;)V' witness='org/slf4j/Logger' stamp='29.804'/>
<dependency_failed type='unique_concrete_method_4' ctxk='org/slf4j/Logger' x='ch.qos.logback.classic.Logger getName ()Ljava/lang/String;' x2='org/slf4j/Logger' x3='org.slf4j.Logger getName ()Ljava/lang/String;' witness='org/slf4j/Logger' stamp='29.804'/>
<dependency_failed type='unique_concrete_method_4' ctxk='org/slf4j/Logger' x='ch.qos.logback.classic.Logger warn (Ljava/lang/String;Ljava/lang/Object;Ljava/lang/Object;)V' x2='org/slf4j/Logger' x3='org.slf4j.Logger warn (Ljava/lang/String;Ljava/lang/Object;Ljava/lang/Object;)V' witness='org/slf4j/Logger' stamp='29.804'/>
<dependency_failed type='unique_concrete_method_4' ctxk='org/slf4j/Logger' x='ch.qos.logback.classic.Logger warn (Ljava/lang/String;Ljava/lang/Object;Ljava/lang/Object;)V' x2='org/slf4j/Logger' x3='org.slf4j.Logger warn (Ljava/lang/String;Ljava/lang/Object;Ljava/lang/Object;)V' witness='org/slf4j/Logger' stamp='29.804'/>
<dependency_failed type='unique_concrete_method_4' ctxk='org/slf4j/Logger' x='ch.qos.logback.classic.Logger isDebugEnabled ()Z' x2='org/slf4j/Logger' x3='org.slf4j.Logger isDebugEnabled ()Z' witness='org/slf4j/Logger' stamp='29.804'/>
<dependency_failed type='unique_concrete_method_4' ctxk='org/slf4j/Logger' x='ch.qos.logback.classic.Logger isDebugEnabled ()Z' x2='org/slf4j/Logger' x3='org.slf4j.Logger isDebugEnabled ()Z' witness='org/slf4j/Logger' stamp='29.804'/>
<dependency_failed type='unique_concrete_method_4' ctxk='org/slf4j/Logger' x='ch.qos.logback.classic.Logger isWarnEnabled ()Z' x2='org/slf4j/Logger' x3='org.slf4j.Logger isWarnEnabled ()Z' witness='org/slf4j/Logger' stamp='29.804'/>
<dependency_failed type='unique_concrete_method_4' ctxk='org/slf4j/Logger' x='ch.qos.logback.classic.Logger isDebugEnabled ()Z' x2='org/slf4j/Logger' x3='org.slf4j.Logger isDebugEnabled ()Z' witness='org/slf4j/Logger' stamp='29.804'/>
<dependency_failed type='unique_concrete_method_4' ctxk='org/slf4j/Logger' x='ch.qos.logback.classic.Logger isWarnEnabled ()Z' x2='org/slf4j/Logger' x3='org.slf4j.Logger isWarnEnabled ()Z' witness='org/slf4j/Logger' stamp='29.804'/>
<dependency_failed type='unique_concrete_method_4' ctxk='org/slf4j/Logger' x='ch.qos.logback.classic.Logger isDebugEnabled ()Z' x2='org/slf4j/Logger' x3='org.slf4j.Logger isDebugEnabled ()Z' witness='org/slf4j/Logger' stamp='29.804'/>
<dependency_failed type='unique_concrete_method_4' ctxk='org/slf4j/Logger' x='ch.qos.logback.classic.Logger isTraceEnabled ()Z' x2='org/slf4j/Logger' x3='org.slf4j.Logger isTraceEnabled ()Z' witness='org/slf4j/Logger' stamp='29.804'/>
<dependency_failed type='unique_concrete_method_4' ctxk='org/slf4j/Logger' x='ch.qos.logback.classic.Logger isDebugEnabled ()Z' x2='org/slf4j/Logger' x3='org.slf4j.Logger isDebugEnabled ()Z' witness='org/slf4j/Logger' stamp='29.804'/>
<dependency_failed type='unique_concrete_method_4' ctxk='org/slf4j/Logger' x='ch.qos.logback.classic.Logger isDebugEnabled ()Z' x2='org/slf4j/Logger' x3='org.slf4j.Logger isDebugEnabled ()Z' witness='org/slf4j/Logger' stamp='29.804'/>
<dependency_failed type='unique_concrete_method_4' ctxk='org/slf4j/Logger' x='ch.qos.logback.classic.Logger getName ()Ljava/lang/String;' x2='org/slf4j/Logger' x3='org.slf4j.Logger getName ()Ljava/lang/String;' witness='org/slf4j/Logger' stamp='29.804'/>
<dependency_failed type='unique_concrete_method_4' ctxk='org/slf4j/Logger' x='ch.qos.logback.classic.Logger getName ()Ljava/lang/String;' x2='org/slf4j/Logger' x3='org.slf4j.Logger getName ()Ljava/lang/String;' witness='org/slf4j/Logger' stamp='29.804'/>
<dependency_failed type='unique_concrete_method_4' ctxk='org/slf4j/Logger' x='ch.qos.logback.classic.Logger getName ()Ljava/lang/String;' x2='org/slf4j/Logger' x3='org.slf4j.Logger getName ()Ljava/lang/String;' witness='org/slf4j/Logger' stamp='29.804'/>
<dependency_failed type='unique_concrete_method_4' ctxk='org/slf4j/Logger' x='ch.qos.logback.classic.Logger isTraceEnabled ()Z' x2='org/slf4j/Logger' x3='org.slf4j.Logger isTraceEnabled ()Z' witness='org/slf4j/Logger' stamp='29.804'/>
<dependency_failed type='unique_concrete_method_4' ctxk='org/springframework/beans/factory/config/DependencyDescriptor' x='org.springframework.beans.factory.config.DependencyDescriptor resolveCandidate (Ljava/lang/String;Ljava/lang/Class;Lorg/springframework/beans/factory/BeanFactory;)Ljava/lang/Object;' x2='org/springframework/beans/factory/config/DependencyDescriptor' x3='org.springframework.beans.factory.config.DependencyDescriptor resolveCandidate (Ljava/lang/String;Ljava/lang/Class;Lorg/springframework/beans/factory/BeanFactory;)Ljava/lang/Object;' witness='org/springframework/beans/factory/support/DefaultListableBeanFactory$2' stamp='30.549'/>
<dependency_failed type='unique_concrete_method_4' ctxk='org/springframework/beans/factory/config/DependencyDescriptor' x='org.springframework.beans.factory.config.DependencyDescriptor resolveCandidate (Ljava/lang/String;Ljava/lang/Class;Lorg/springframework/beans/factory/BeanFactory;)Ljava/lang/Object;' x2='org/springframework/beans/factory/config/DependencyDescriptor' x3='org.springframework.beans.factory.config.DependencyDescriptor resolveCandidate (Ljava/lang/String;Ljava/lang/Class;Lorg/springframework/beans/factory/BeanFactory;)Ljava/lang/Object;' witness='org/springframework/beans/factory/support/DefaultListableBeanFactory$2' stamp='30.550'/>
<dependency_failed type='unique_concrete_method_4' ctxk='org/springframework/beans/factory/config/DependencyDescriptor' x='org.springframework.beans.factory.config.DependencyDescriptor resolveCandidate (Ljava/lang/String;Ljava/lang/Class;Lorg/springframework/beans/factory/BeanFactory;)Ljava/lang/Object;' x2='org/springframework/beans/factory/config/DependencyDescriptor' x3='org.springframework.beans.factory.config.DependencyDescriptor resolveCandidate (Ljava/lang/String;Ljava/lang/Class;Lorg/springframework/beans/factory/BeanFactory;)Ljava/lang/Object;' witness='org/springframework/beans/factory/support/DefaultListableBeanFactory$2' stamp='30.550'/>
<dependency_failed type='unique_concrete_method_4' ctxk='org/springframework/beans/factory/config/DependencyDescriptor' x='org.springframework.beans.factory.config.DependencyDescriptor resolveCandidate (Ljava/lang/String;Ljava/lang/Class;Lorg/springframework/beans/factory/BeanFactory;)Ljava/lang/Object;' x2='org/springframework/beans/factory/config/DependencyDescriptor' x3='org.springframework.beans.factory.config.DependencyDescriptor resolveCandidate (Ljava/lang/String;Ljava/lang/Class;Lorg/springframework/beans/factory/BeanFactory;)Ljava/lang/Object;' witness='org/springframework/beans/factory/support/DefaultListableBeanFactory$2' stamp='30.550'/>
<dependency_failed type='unique_concrete_method_4' ctxk='org/sonatype/nexus/webresources/WebResource' x='org.sonatype.nexus.webresources.UrlWebResource getPath ()Ljava/lang/String;' x2='org/sonatype/nexus/webresources/WebResource' x3='org.sonatype.nexus.webresources.WebResource getPath ()Ljava/lang/String;' witness='org/sonatype/nexus/webresources/WebResource' stamp='30.686'/>
<dependency_failed type='unique_concrete_method_4' ctxk='com/google/common/cache/AbstractCache$StatsCounter' x='com.google.common.cache.CacheBuilder$1 recordHits (I)V' x2='com/google/common/cache/AbstractCache$StatsCounter' x3='com.google.common.cache.AbstractCache$StatsCounter recordHits (I)V' witness='com/google/common/cache/AbstractCache$StatsCounter' stamp='31.762'/>
<dependency_failed type='unique_concrete_method_4' ctxk='com/google/common/cache/AbstractCache$StatsCounter' x='com.google.common.cache.CacheBuilder$1 recordHits (I)V' x2='com/google/common/cache/AbstractCache$StatsCounter' x3='com.google.common.cache.AbstractCache$StatsCounter recordHits (I)V' witness='com/google/common/cache/AbstractCache$StatsCounter' stamp='31.762'/>
<dependency_failed type='leaf_type' ctxk='java/util/concurrent/atomic/LongAdder' witness='com/google/common/cache/LongAddables$JavaUtilConcurrentLongAdder' stamp='31.765'/>
<dependency_failed type='leaf_type' ctxk='java/util/concurrent/atomic/LongAdder' witness='com/google/common/cache/LongAddables$JavaUtilConcurrentLongAdder' stamp='31.765'/>
<dependency_failed type='leaf_type' ctxk='java/util/concurrent/atomic/LongAdder' witness='com/google/common/cache/LongAddables$JavaUtilConcurrentLongAdder' stamp='31.765'/>
<dependency_failed type='leaf_type' ctxk='java/util/concurrent/atomic/LongAdder' witness='com/google/common/cache/LongAddables$JavaUtilConcurrentLongAdder' stamp='31.765'/>
<dependency_failed type='leaf_type' ctxk='java/util/concurrent/ConcurrentHashMap' witness='com/fasterxml/jackson/core/util/InternCache' stamp='32.135'/>
<dependency_failed type='leaf_type' ctxk='java/util/concurrent/ConcurrentHashMap' witness='com/fasterxml/jackson/core/util/InternCache' stamp='32.135'/>
<dependency_failed type='leaf_type' ctxk='java/util/concurrent/ConcurrentHashMap' witness='com/fasterxml/jackson/core/util/InternCache' stamp='32.135'/>
<dependency_failed type='leaf_type' ctxk='java/util/concurrent/ConcurrentHashMap' witness='com/fasterxml/jackson/core/util/InternCache' stamp='32.135'/>
<dependency_failed type='leaf_type' ctxk='java/util/concurrent/ConcurrentHashMap' witness='com/fasterxml/jackson/core/util/InternCache' stamp='32.135'/>
<dependency_failed type='leaf_type' ctxk='java/util/concurrent/ConcurrentHashMap' witness='com/fasterxml/jackson/core/util/InternCache' stamp='32.135'/>
<dependency_failed type='leaf_type' ctxk='java/util/concurrent/ConcurrentHashMap' witness='com/fasterxml/jackson/core/util/InternCache' stamp='32.135'/>
<dependency_failed type='leaf_type' ctxk='java/util/concurrent/ConcurrentHashMap' witness='com/fasterxml/jackson/core/util/InternCache' stamp='32.135'/>
<dependency_failed type='leaf_type' ctxk='java/util/concurrent/ConcurrentHashMap' witness='com/fasterxml/jackson/core/util/InternCache' stamp='32.135'/>
<dependency_failed type='leaf_type' ctxk='java/util/concurrent/ConcurrentHashMap' witness='com/fasterxml/jackson/core/util/InternCache' stamp='32.135'/>
<dependency_failed type='leaf_type' ctxk='java/util/concurrent/ConcurrentHashMap' witness='com/fasterxml/jackson/core/util/InternCache' stamp='32.135'/>
<dependency_failed type='leaf_type' ctxk='java/util/concurrent/ConcurrentHashMap' witness='com/fasterxml/jackson/core/util/InternCache' stamp='32.135'/>
<dependency_failed type='leaf_type' ctxk='java/util/concurrent/ConcurrentHashMap' witness='com/fasterxml/jackson/core/util/InternCache' stamp='32.135'/>
<dependency_failed type='leaf_type' ctxk='java/util/concurrent/ConcurrentHashMap' witness='com/fasterxml/jackson/core/util/InternCache' stamp='32.135'/>
<dependency_failed type='leaf_type' ctxk='java/util/concurrent/ConcurrentHashMap' witness='com/fasterxml/jackson/core/util/InternCache' stamp='32.135'/>
<dependency_failed type='leaf_type' ctxk='java/util/concurrent/ConcurrentHashMap' witness='com/fasterxml/jackson/core/util/InternCache' stamp='32.135'/>
<dependency_failed type='leaf_type' ctxk='java/util/concurrent/ConcurrentHashMap' witness='com/fasterxml/jackson/core/util/InternCache' stamp='32.135'/>
<dependency_failed type='leaf_type' ctxk='java/util/concurrent/ConcurrentHashMap' witness='com/fasterxml/jackson/core/util/InternCache' stamp='32.135'/>
<dependency_failed type='leaf_type' ctxk='java/util/concurrent/ConcurrentHashMap' witness='com/fasterxml/jackson/core/util/InternCache' stamp='32.135'/>
<dependency_failed type='leaf_type' ctxk='java/util/concurrent/ConcurrentHashMap' witness='com/fasterxml/jackson/core/util/InternCache' stamp='32.135'/>
<dependency_failed type='leaf_type' ctxk='java/util/concurrent/ConcurrentHashMap' witness='com/fasterxml/jackson/core/util/InternCache' stamp='32.135'/>
<dependency_failed type='leaf_type' ctxk='java/util/concurrent/ConcurrentHashMap' witness='com/fasterxml/jackson/core/util/InternCache' stamp='32.135'/>
<dependency_failed type='leaf_type' ctxk='java/util/concurrent/ConcurrentHashMap' witness='com/fasterxml/jackson/core/util/InternCache' stamp='32.135'/>
<dependency_failed type='leaf_type' ctxk='java/util/concurrent/ConcurrentHashMap' witness='com/fasterxml/jackson/core/util/InternCache' stamp='32.135'/>
<dependency_failed type='leaf_type' ctxk='java/util/concurrent/ConcurrentHashMap' witness='com/fasterxml/jackson/core/util/InternCache' stamp='32.135'/>
<dependency_failed type='leaf_type' ctxk='java/util/concurrent/ConcurrentHashMap' witness='com/fasterxml/jackson/core/util/InternCache' stamp='32.135'/>
<dependency_failed type='leaf_type' ctxk='java/util/concurrent/ConcurrentHashMap' witness='com/fasterxml/jackson/core/util/InternCache' stamp='32.135'/>
<dependency_failed type='leaf_type' ctxk='java/util/concurrent/ConcurrentHashMap' witness='com/fasterxml/jackson/core/util/InternCache' stamp='32.135'/>
<dependency_failed type='leaf_type' ctxk='java/util/concurrent/ConcurrentHashMap' witness='com/fasterxml/jackson/core/util/InternCache' stamp='32.135'/>
<dependency_failed type='leaf_type' ctxk='java/util/concurrent/ConcurrentHashMap' witness='com/fasterxml/jackson/core/util/InternCache' stamp='32.135'/>
<dependency_failed type='leaf_type' ctxk='java/util/concurrent/ConcurrentHashMap' witness='com/fasterxml/jackson/core/util/InternCache' stamp='32.135'/>
<dependency_failed type='leaf_type' ctxk='java/util/concurrent/ConcurrentHashMap' witness='com/fasterxml/jackson/core/util/InternCache' stamp='32.135'/>
<dependency_failed type='leaf_type' ctxk='java/util/concurrent/ConcurrentHashMap' witness='com/fasterxml/jackson/core/util/InternCache' stamp='32.135'/>
<dependency_failed type='leaf_type' ctxk='java/util/concurrent/ConcurrentHashMap' witness='com/fasterxml/jackson/core/util/InternCache' stamp='32.135'/>
<dependency_failed type='leaf_type' ctxk='java/util/concurrent/ConcurrentHashMap' witness='com/fasterxml/jackson/core/util/InternCache' stamp='32.135'/>
<dependency_failed type='leaf_type' ctxk='java/util/concurrent/ConcurrentHashMap' witness='com/fasterxml/jackson/core/util/InternCache' stamp='32.135'/>
<dependency_failed type='leaf_type' ctxk='java/util/concurrent/ConcurrentHashMap' witness='com/fasterxml/jackson/core/util/InternCache' stamp='32.135'/>
<dependency_failed type='leaf_type' ctxk='java/util/concurrent/ConcurrentHashMap' witness='com/fasterxml/jackson/core/util/InternCache' stamp='32.135'/>
<dependency_failed type='leaf_type' ctxk='java/util/concurrent/ConcurrentHashMap' witness='com/fasterxml/jackson/core/util/InternCache' stamp='32.135'/>
<dependency_failed type='leaf_type' ctxk='java/util/concurrent/ConcurrentHashMap' witness='com/fasterxml/jackson/core/util/InternCache' stamp='32.135'/>
<dependency_failed type='leaf_type' ctxk='java/util/concurrent/ConcurrentHashMap' witness='com/fasterxml/jackson/core/util/InternCache' stamp='32.135'/>
<dependency_failed type='leaf_type' ctxk='java/util/concurrent/ConcurrentHashMap' witness='com/fasterxml/jackson/core/util/InternCache' stamp='32.135'/>
<dependency_failed type='leaf_type' ctxk='java/util/concurrent/ConcurrentHashMap' witness='com/fasterxml/jackson/core/util/InternCache' stamp='32.135'/>
<dependency_failed type='leaf_type' ctxk='java/util/concurrent/ConcurrentHashMap' witness='com/fasterxml/jackson/core/util/InternCache' stamp='32.135'/>
<dependency_failed type='leaf_type' ctxk='java/util/concurrent/ConcurrentHashMap' witness='com/fasterxml/jackson/core/util/InternCache' stamp='32.135'/>
<dependency_failed type='leaf_type' ctxk='java/util/concurrent/ConcurrentHashMap' witness='com/fasterxml/jackson/core/util/InternCache' stamp='32.135'/>
<dependency_failed type='unique_concrete_method_4' ctxk='java/io/IOException' x='java.lang.Throwable getMessage ()Ljava/lang/String;' x2='java/io/IOException' x3='java.lang.Throwable getMessage ()Ljava/lang/String;' witness='java/nio/file/FileSystemException' stamp='33.218'/>
<dependency_failed type='unique_concrete_method_4' ctxk='java/io/IOException' x='java.lang.Throwable getMessage ()Ljava/lang/String;' x2='java/io/IOException' x3='java.lang.Throwable getMessage ()Ljava/lang/String;' witness='java/nio/file/FileSystemException' stamp='33.218'/>
<dependency_failed type='unique_concrete_method_4' ctxk='com/sun/xml/internal/stream/Entity' x='com.sun.xml.internal.stream.Entity$ScannedEntity isExternal ()Z' x2='com/sun/xml/internal/stream/Entity' x3='com.sun.xml.internal.stream.Entity isExternal ()Z' witness='com/sun/xml/internal/stream/Entity$InternalEntity' stamp='34.293'/>
<dependency_failed type='unique_concrete_method_4' ctxk='java/util/ServiceLoader$Provider' x='java.util.ServiceLoader$ProviderImpl get ()Ljava/lang/Object;' x2='java/util/ServiceLoader$Provider' x3='java.util.ServiceLoader$Provider get ()Ljava/lang/Object;' witness='java/util/ServiceLoader$Provider' stamp='34.406'/>
<dependency_failed type='abstract_with_unique_concrete_subtype' ctxk='java/util/EnumSet' x='java/util/RegularEnumSet' witness='java/util/JumboEnumSet' stamp='34.413'/>
<dependency_failed type='abstract_with_unique_concrete_subtype' ctxk='java/util/EnumSet' x='java/util/RegularEnumSet' witness='java/util/JumboEnumSet' stamp='34.413'/>
<dependency_failed type='abstract_with_unique_concrete_subtype' ctxk='java/util/EnumSet' x='java/util/RegularEnumSet' witness='java/util/JumboEnumSet' stamp='34.413'/>
<dependency_failed type='abstract_with_unique_concrete_subtype' ctxk='java/util/EnumSet' x='java/util/RegularEnumSet' witness='java/util/JumboEnumSet' stamp='34.413'/>
<dependency_failed type='abstract_with_unique_concrete_subtype' ctxk='java/util/EnumSet' x='java/util/RegularEnumSet' witness='java/util/JumboEnumSet' stamp='34.413'/>
<dependency_failed type='abstract_with_unique_concrete_subtype' ctxk='java/util/EnumSet' x='java/util/RegularEnumSet' witness='java/util/JumboEnumSet' stamp='34.413'/>
<dependency_failed type='abstract_with_unique_concrete_subtype' ctxk='java/util/EnumSet' x='java/util/RegularEnumSet' witness='java/util/JumboEnumSet' stamp='34.413'/>
<dependency_failed type='abstract_with_unique_concrete_subtype' ctxk='java/util/EnumSet' x='java/util/RegularEnumSet' witness='java/util/JumboEnumSet' stamp='34.413'/>
<dependency_failed type='abstract_with_unique_concrete_subtype' ctxk='java/util/EnumSet' x='java/util/RegularEnumSet' witness='java/util/JumboEnumSet' stamp='34.413'/>
<dependency_failed type='abstract_with_unique_concrete_subtype' ctxk='java/util/EnumSet' x='java/util/RegularEnumSet' witness='java/util/JumboEnumSet' stamp='34.413'/>
<dependency_failed type='abstract_with_unique_concrete_subtype' ctxk='java/util/EnumSet' x='java/util/RegularEnumSet' witness='java/util/JumboEnumSet' stamp='34.413'/>
<dependency_failed type='abstract_with_unique_concrete_subtype' ctxk='java/util/EnumSet' x='java/util/RegularEnumSet' witness='java/util/JumboEnumSet' stamp='34.413'/>
<dependency_failed type='abstract_with_unique_concrete_subtype' ctxk='java/util/EnumSet' x='java/util/RegularEnumSet' witness='java/util/JumboEnumSet' stamp='34.413'/>
<dependency_failed type='abstract_with_unique_concrete_subtype' ctxk='java/util/EnumSet' x='java/util/RegularEnumSet' witness='java/util/JumboEnumSet' stamp='34.413'/>
<dependency_failed type='abstract_with_unique_concrete_subtype' ctxk='java/util/EnumSet' x='java/util/RegularEnumSet' witness='java/util/JumboEnumSet' stamp='34.413'/>
<dependency_failed type='abstract_with_unique_concrete_subtype' ctxk='java/util/EnumSet' x='java/util/RegularEnumSet' witness='java/util/JumboEnumSet' stamp='34.413'/>
<dependency_failed type='abstract_with_unique_concrete_subtype' ctxk='java/util/EnumSet' x='java/util/RegularEnumSet' witness='java/util/JumboEnumSet' stamp='34.413'/>
<dependency_failed type='abstract_with_unique_concrete_subtype' ctxk='java/util/EnumSet' x='java/util/RegularEnumSet' witness='java/util/JumboEnumSet' stamp='34.413'/>
<dependency_failed type='abstract_with_unique_concrete_subtype' ctxk='java/util/EnumSet' x='java/util/RegularEnumSet' witness='java/util/JumboEnumSet' stamp='34.413'/>
<dependency_failed type='abstract_with_unique_concrete_subtype' ctxk='java/util/EnumSet' x='java/util/RegularEnumSet' witness='java/util/JumboEnumSet' stamp='34.413'/>
<dependency_failed type='abstract_with_unique_concrete_subtype' ctxk='java/util/EnumSet' x='java/util/RegularEnumSet' witness='java/util/JumboEnumSet' stamp='34.413'/>
<dependency_failed type='abstract_with_unique_concrete_subtype' ctxk='java/util/EnumSet' x='java/util/RegularEnumSet' witness='java/util/JumboEnumSet' stamp='34.413'/>
<dependency_failed type='abstract_with_unique_concrete_subtype' ctxk='java/util/EnumSet' x='java/util/RegularEnumSet' witness='java/util/JumboEnumSet' stamp='34.413'/>
<dependency_failed type='unique_concrete_method_4' ctxk='java/util/EnumSet' x='java.util.RegularEnumSet add (Ljava/lang/Object;)Z' x2='java/util/EnumSet' x3='java.util.AbstractCollection add (Ljava/lang/Object;)Z' witness='java/util/JumboEnumSet' stamp='34.415'/>
<dependency_failed type='unique_concrete_method_4' ctxk='java/util/EnumSet' x='java.util.RegularEnumSet add (Ljava/lang/Object;)Z' x2='java/util/Set' x3='java.util.Set add (Ljava/lang/Object;)Z' witness='java/util/JumboEnumSet' stamp='34.415'/>
<dependency_failed type='unique_concrete_method_4' ctxk='java/util/EnumSet' x='java.util.RegularEnumSet add (Ljava/lang/Object;)Z' x2='java/util/EnumSet' x3='java.util.AbstractCollection add (Ljava/lang/Object;)Z' witness='java/util/JumboEnumSet' stamp='34.415'/>
<dependency_failed type='unique_concrete_method_4' ctxk='java/util/EnumSet' x='java.util.RegularEnumSet add (Ljava/lang/Object;)Z' x2='java/util/EnumSet' x3='java.util.AbstractCollection add (Ljava/lang/Object;)Z' witness='java/util/JumboEnumSet' stamp='34.415'/>
<dependency_failed type='unique_concrete_method_4' ctxk='java/util/EnumSet' x='java.util.RegularEnumSet add (Ljava/lang/Object;)Z' x2='java/util/Set' x3='java.util.Set add (Ljava/lang/Object;)Z' witness='java/util/JumboEnumSet' stamp='34.415'/>
<dependency_failed type='unique_concrete_method_4' ctxk='java/util/EnumSet' x='java.util.RegularEnumSet add (Ljava/lang/Object;)Z' x2='java/util/EnumSet' x3='java.util.AbstractCollection add (Ljava/lang/Object;)Z' witness='java/util/JumboEnumSet' stamp='34.415'/>
<dependency_failed type='unique_concrete_method_4' ctxk='java/util/EnumSet' x='java.util.RegularEnumSet add (Ljava/lang/Object;)Z' x2='java/util/EnumSet' x3='java.util.AbstractCollection add (Ljava/lang/Object;)Z' witness='java/util/JumboEnumSet' stamp='34.415'/>
<dependency_failed type='unique_concrete_method_4' ctxk='java/util/EnumSet' x='java.util.RegularEnumSet add (Ljava/lang/Object;)Z' x2='java/util/EnumSet' x3='java.util.AbstractCollection add (Ljava/lang/Object;)Z' witness='java/util/JumboEnumSet' stamp='34.415'/>
<dependency_failed type='unique_concrete_method_4' ctxk='java/util/EnumSet' x='java.util.RegularEnumSet add (Ljava/lang/Object;)Z' x2='java/util/EnumSet' x3='java.util.AbstractCollection add (Ljava/lang/Object;)Z' witness='java/util/JumboEnumSet' stamp='34.415'/>
<dependency_failed type='unique_concrete_method_4' ctxk='java/util/EnumSet' x='java.util.RegularEnumSet add (Ljava/lang/Object;)Z' x2='java/util/Set' x3='java.util.Set add (Ljava/lang/Object;)Z' witness='java/util/JumboEnumSet' stamp='34.416'/>
<dependency_failed type='unique_concrete_method_4' ctxk='java/util/EnumSet' x='java.util.RegularEnumSet add (Ljava/lang/Object;)Z' x2='java/util/Set' x3='java.util.Set add (Ljava/lang/Object;)Z' witness='java/util/JumboEnumSet' stamp='34.416'/>
<dependency_failed type='unique_concrete_method_4' ctxk='java/util/EnumSet' x='java.util.RegularEnumSet contains (Ljava/lang/Object;)Z' x2='java/util/EnumSet' x3='java.util.AbstractCollection contains (Ljava/lang/Object;)Z' witness='java/util/JumboEnumSet' stamp='34.416'/>
<dependency_failed type='unique_concrete_method_4' ctxk='java/util/EnumSet' x='java.util.RegularEnumSet add (Ljava/lang/Object;)Z' x2='java/util/EnumSet' x3='java.util.AbstractCollection add (Ljava/lang/Object;)Z' witness='java/util/JumboEnumSet' stamp='34.416'/>
<dependency_failed type='unique_concrete_method_4' ctxk='java/util/EnumSet' x='java.util.RegularEnumSet contains (Ljava/lang/Object;)Z' x2='java/util/EnumSet' x3='java.util.AbstractCollection contains (Ljava/lang/Object;)Z' witness='java/util/JumboEnumSet' stamp='34.416'/>
<writer thread='155'/>
<dependency_failed type='abstract_with_unique_concrete_subtype' ctxk='java/util/EnumSet' x='java/util/RegularEnumSet' witness='java/util/JumboEnumSet' stamp='34.437'/>
<writer thread='142'/>
<dependency_failed type='unique_concrete_method_4' ctxk='java/util/HashSet' x='java.util.HashSet add (Ljava/lang/Object;)Z' x2='java/util/Set' x3='java.util.Set add (Ljava/lang/Object;)Z' witness='org/eclipse/jetty/util/ClassMatcher$ByClass' stamp='34.676'/>
<dependency_failed type='unique_concrete_method_4' ctxk='java/util/HashSet' x='java.util.HashSet add (Ljava/lang/Object;)Z' x2='java/util/Set' x3='java.util.Set add (Ljava/lang/Object;)Z' witness='org/eclipse/jetty/util/ClassMatcher$ByClass' stamp='34.676'/>
<dependency_failed type='unique_concrete_method_4' ctxk='java/util/HashSet' x='java.util.HashSet add (Ljava/lang/Object;)Z' x2='java/util/Set' x3='java.util.Set add (Ljava/lang/Object;)Z' witness='org/eclipse/jetty/util/ClassMatcher$ByClass' stamp='34.676'/>
<dependency_failed type='unique_concrete_method_4' ctxk='java/util/HashSet' x='java.util.HashSet add (Ljava/lang/Object;)Z' x2='java/util/Set' x3='java.util.Set add (Ljava/lang/Object;)Z' witness='org/eclipse/jetty/util/ClassMatcher$ByClass' stamp='34.676'/>
<dependency_failed type='unique_concrete_method_4' ctxk='java/util/HashSet' x='java.util.HashSet add (Ljava/lang/Object;)Z' x2='java/util/HashSet' x3='java.util.HashSet add (Ljava/lang/Object;)Z' witness='org/eclipse/jetty/util/ClassMatcher$ByClass' stamp='34.676'/>
<dependency_failed type='unique_concrete_method_4' ctxk='java/util/HashSet' x='java.util.HashSet add (Ljava/lang/Object;)Z' x2='java/util/HashSet' x3='java.util.HashSet add (Ljava/lang/Object;)Z' witness='org/eclipse/jetty/util/ClassMatcher$ByClass' stamp='34.676'/>
<dependency_failed type='unique_concrete_method_4' ctxk='java/util/HashSet' x='java.util.HashSet contains (Ljava/lang/Object;)Z' x2='java/util/Set' x3='java.util.Set contains (Ljava/lang/Object;)Z' witness='org/eclipse/jetty/util/AsciiLowerCaseSet' stamp='34.902'/>
<dependency_failed type='unique_concrete_method_4' ctxk='java/util/HashSet' x='java.util.HashSet contains (Ljava/lang/Object;)Z' x2='java/util/Set' x3='java.util.Set contains (Ljava/lang/Object;)Z' witness='org/eclipse/jetty/util/AsciiLowerCaseSet' stamp='34.902'/>
<writer thread='173'/>
<dependency_failed type='abstract_with_unique_concrete_subtype' ctxk='sun/nio/ch/NativeDispatcher' x='sun/nio/ch/UnixFileDispatcherImpl' witness='sun/nio/ch/SocketDispatcher' stamp='35.238'/>
<dependency_failed type='unique_concrete_method_4' ctxk='java/net/URLClassLoader' x='java.lang.ClassLoader getResource (Ljava/lang/String;)Ljava/net/URL;' x2='java/net/URLClassLoader' x3='java.lang.ClassLoader getResource (Ljava/lang/String;)Ljava/net/URL;' witness='org/eclipse/jetty/ee10/webapp/WebAppClassLoader' stamp='35.372'/>
<dependency_failed type='unique_concrete_method_4' ctxk='java/util/LinkedHashMap' x='java.util.HashMap put (Ljava/lang/Object;Ljava/lang/Object;)Ljava/lang/Object;' x2='java/util/Map' x3='java.util.Map put (Ljava/lang/Object;Ljava/lang/Object;)Ljava/lang/Object;' witness='org/h2/store/fs/mem/FileMemData$Cache' stamp='36.152'/>
<dependency_failed type='unique_concrete_method_4' ctxk='java/util/LinkedHashMap' x='java.util.HashMap put (Ljava/lang/Object;Ljava/lang/Object;)Ljava/lang/Object;' x2='java/util/LinkedHashMap' x3='java.util.HashMap put (Ljava/lang/Object;Ljava/lang/Object;)Ljava/lang/Object;' witness='org/h2/store/fs/mem/FileMemData$Cache' stamp='36.152'/>
<dependency_failed type='unique_concrete_method_4' ctxk='java/util/LinkedHashMap' x='java.util.HashMap put (Ljava/lang/Object;Ljava/lang/Object;)Ljava/lang/Object;' x2='java/util/Map' x3='java.util.Map put (Ljava/lang/Object;Ljava/lang/Object;)Ljava/lang/Object;' witness='org/h2/store/fs/mem/FileMemData$Cache' stamp='36.152'/>
<dependency_failed type='unique_concrete_method_4' ctxk='java/util/LinkedHashMap' x='java.util.HashMap put (Ljava/lang/Object;Ljava/lang/Object;)Ljava/lang/Object;' x2='java/util/Map' x3='java.util.Map put (Ljava/lang/Object;Ljava/lang/Object;)Ljava/lang/Object;' witness='org/h2/store/fs/mem/FileMemData$Cache' stamp='36.152'/>
<dependency_failed type='unique_concrete_method_4' ctxk='java/util/LinkedHashMap' x='java.util.HashMap put (Ljava/lang/Object;Ljava/lang/Object;)Ljava/lang/Object;' x2='java/util/Map' x3='java.util.Map put (Ljava/lang/Object;Ljava/lang/Object;)Ljava/lang/Object;' witness='org/h2/store/fs/mem/FileMemData$Cache' stamp='36.153'/>
<dependency_failed type='unique_concrete_method_4' ctxk='java/util/HashMap' x='java.util.HashMap put (Ljava/lang/Object;Ljava/lang/Object;)Ljava/lang/Object;' x2='java/util/HashMap' x3='java.util.HashMap put (Ljava/lang/Object;Ljava/lang/Object;)Ljava/lang/Object;' witness='org/h2/store/fs/mem/FileMemData$Cache' stamp='36.153'/>
<dependency_failed type='unique_concrete_method_4' ctxk='java/util/HashMap' x='java.util.HashMap put (Ljava/lang/Object;Ljava/lang/Object;)Ljava/lang/Object;' x2='java/util/HashMap' x3='java.util.HashMap put (Ljava/lang/Object;Ljava/lang/Object;)Ljava/lang/Object;' witness='org/h2/store/fs/mem/FileMemData$Cache' stamp='36.153'/>
<dependency_failed type='unique_concrete_method_4' ctxk='java/util/HashMap' x='java.util.HashMap put (Ljava/lang/Object;Ljava/lang/Object;)Ljava/lang/Object;' x2='java/util/HashMap' x3='java.util.HashMap put (Ljava/lang/Object;Ljava/lang/Object;)Ljava/lang/Object;' witness='org/h2/store/fs/mem/FileMemData$Cache' stamp='36.153'/>
<dependency_failed type='unique_concrete_method_4' ctxk='java/util/HashMap' x='java.util.HashMap put (Ljava/lang/Object;Ljava/lang/Object;)Ljava/lang/Object;' x2='java/util/HashMap' x3='java.util.HashMap put (Ljava/lang/Object;Ljava/lang/Object;)Ljava/lang/Object;' witness='org/h2/store/fs/mem/FileMemData$Cache' stamp='36.153'/>
<dependency_failed type='unique_concrete_method_4' ctxk='java/util/HashMap' x='java.util.HashMap put (Ljava/lang/Object;Ljava/lang/Object;)Ljava/lang/Object;' x2='java/util/HashMap' x3='java.util.HashMap put (Ljava/lang/Object;Ljava/lang/Object;)Ljava/lang/Object;' witness='org/h2/store/fs/mem/FileMemData$Cache' stamp='36.153'/>
<dependency_failed type='unique_concrete_method_4' ctxk='java/util/HashMap' x='java.util.HashMap put (Ljava/lang/Object;Ljava/lang/Object;)Ljava/lang/Object;' x2='java/util/HashMap' x3='java.util.HashMap put (Ljava/lang/Object;Ljava/lang/Object;)Ljava/lang/Object;' witness='org/h2/store/fs/mem/FileMemData$Cache' stamp='36.153'/>
<dependency_failed type='unique_concrete_method_4' ctxk='java/util/HashMap' x='java.util.HashMap put (Ljava/lang/Object;Ljava/lang/Object;)Ljava/lang/Object;' x2='java/util/HashMap' x3='java.util.HashMap put (Ljava/lang/Object;Ljava/lang/Object;)Ljava/lang/Object;' witness='org/h2/store/fs/mem/FileMemData$Cache' stamp='36.153'/>
<dependency_failed type='unique_concrete_method_4' ctxk='java/util/HashMap' x='java.util.HashMap put (Ljava/lang/Object;Ljava/lang/Object;)Ljava/lang/Object;' x2='java/util/HashMap' x3='java.util.HashMap put (Ljava/lang/Object;Ljava/lang/Object;)Ljava/lang/Object;' witness='org/h2/store/fs/mem/FileMemData$Cache' stamp='36.153'/>
<dependency_failed type='unique_concrete_method_4' ctxk='java/util/HashMap' x='java.util.HashMap put (Ljava/lang/Object;Ljava/lang/Object;)Ljava/lang/Object;' x2='java/util/HashMap' x3='java.util.HashMap put (Ljava/lang/Object;Ljava/lang/Object;)Ljava/lang/Object;' witness='org/h2/store/fs/mem/FileMemData$Cache' stamp='36.153'/>
<dependency_failed type='unique_concrete_method_4' ctxk='java/util/HashMap' x='java.util.HashMap put (Ljava/lang/Object;Ljava/lang/Object;)Ljava/lang/Object;' x2='java/util/HashMap' x3='java.util.HashMap put (Ljava/lang/Object;Ljava/lang/Object;)Ljava/lang/Object;' witness='org/h2/store/fs/mem/FileMemData$Cache' stamp='36.153'/>
<dependency_failed type='unique_concrete_method_4' ctxk='java/util/HashMap' x='java.util.HashMap put (Ljava/lang/Object;Ljava/lang/Object;)Ljava/lang/Object;' x2='java/util/HashMap' x3='java.util.HashMap put (Ljava/lang/Object;Ljava/lang/Object;)Ljava/lang/Object;' witness='org/h2/store/fs/mem/FileMemData$Cache' stamp='36.153'/>
<dependency_failed type='unique_concrete_method_4' ctxk='java/util/HashMap' x='java.util.HashMap put (Ljava/lang/Object;Ljava/lang/Object;)Ljava/lang/Object;' x2='java/util/HashMap' x3='java.util.HashMap put (Ljava/lang/Object;Ljava/lang/Object;)Ljava/lang/Object;' witness='org/h2/store/fs/mem/FileMemData$Cache' stamp='36.153'/>
<dependency_failed type='unique_concrete_method_4' ctxk='java/util/HashMap' x='java.util.HashMap put (Ljava/lang/Object;Ljava/lang/Object;)Ljava/lang/Object;' x2='java/util/HashMap' x3='java.util.HashMap put (Ljava/lang/Object;Ljava/lang/Object;)Ljava/lang/Object;' witness='org/h2/store/fs/mem/FileMemData$Cache' stamp='36.153'/>
<dependency_failed type='unique_concrete_method_4' ctxk='java/util/HashMap' x='java.util.HashMap put (Ljava/lang/Object;Ljava/lang/Object;)Ljava/lang/Object;' x2='java/util/HashMap' x3='java.util.HashMap put (Ljava/lang/Object;Ljava/lang/Object;)Ljava/lang/Object;' witness='org/h2/store/fs/mem/FileMemData$Cache' stamp='36.153'/>
<dependency_failed type='unique_concrete_method_4' ctxk='java/util/HashMap' x='java.util.HashMap put (Ljava/lang/Object;Ljava/lang/Object;)Ljava/lang/Object;' x2='java/util/Map' x3='java.util.Map put (Ljava/lang/Object;Ljava/lang/Object;)Ljava/lang/Object;' witness='org/h2/store/fs/mem/FileMemData$Cache' stamp='36.153'/>
<dependency_failed type='unique_concrete_method_4' ctxk='java/util/HashMap' x='java.util.HashMap put (Ljava/lang/Object;Ljava/lang/Object;)Ljava/lang/Object;' x2='java/util/HashMap' x3='java.util.HashMap put (Ljava/lang/Object;Ljava/lang/Object;)Ljava/lang/Object;' witness='org/h2/store/fs/mem/FileMemData$Cache' stamp='36.153'/>
<dependency_failed type='unique_concrete_method_4' ctxk='java/util/HashMap' x='java.util.HashMap put (Ljava/lang/Object;Ljava/lang/Object;)Ljava/lang/Object;' x2='java/util/HashMap' x3='java.util.HashMap put (Ljava/lang/Object;Ljava/lang/Object;)Ljava/lang/Object;' witness='org/h2/store/fs/mem/FileMemData$Cache' stamp='36.153'/>
<dependency_failed type='unique_concrete_method_4' ctxk='java/util/HashMap' x='java.util.HashMap put (Ljava/lang/Object;Ljava/lang/Object;)Ljava/lang/Object;' x2='java/util/HashMap' x3='java.util.HashMap put (Ljava/lang/Object;Ljava/lang/Object;)Ljava/lang/Object;' witness='org/h2/store/fs/mem/FileMemData$Cache' stamp='36.153'/>
<dependency_failed type='unique_concrete_method_4' ctxk='java/util/HashMap' x='java.util.HashMap put (Ljava/lang/Object;Ljava/lang/Object;)Ljava/lang/Object;' x2='java/util/HashMap' x3='java.util.HashMap put (Ljava/lang/Object;Ljava/lang/Object;)Ljava/lang/Object;' witness='org/h2/store/fs/mem/FileMemData$Cache' stamp='36.153'/>
<dependency_failed type='unique_concrete_method_4' ctxk='java/util/HashMap' x='java.util.HashMap put (Ljava/lang/Object;Ljava/lang/Object;)Ljava/lang/Object;' x2='java/util/HashMap' x3='java.util.HashMap put (Ljava/lang/Object;Ljava/lang/Object;)Ljava/lang/Object;' witness='org/h2/store/fs/mem/FileMemData$Cache' stamp='36.153'/>
<dependency_failed type='unique_concrete_method_4' ctxk='java/util/HashMap' x='java.util.HashMap put (Ljava/lang/Object;Ljava/lang/Object;)Ljava/lang/Object;' x2='java/util/HashMap' x3='java.util.HashMap put (Ljava/lang/Object;Ljava/lang/Object;)Ljava/lang/Object;' witness='org/h2/store/fs/mem/FileMemData$Cache' stamp='36.153'/>
<dependency_failed type='unique_concrete_method_4' ctxk='java/util/HashMap' x='java.util.HashMap put (Ljava/lang/Object;Ljava/lang/Object;)Ljava/lang/Object;' x2='java/util/Map' x3='java.util.Map put (Ljava/lang/Object;Ljava/lang/Object;)Ljava/lang/Object;' witness='org/h2/store/fs/mem/FileMemData$Cache' stamp='36.153'/>
<dependency_failed type='unique_concrete_method_4' ctxk='java/util/HashMap' x='java.util.HashMap put (Ljava/lang/Object;Ljava/lang/Object;)Ljava/lang/Object;' x2='java/util/Map' x3='java.util.Map put (Ljava/lang/Object;Ljava/lang/Object;)Ljava/lang/Object;' witness='org/h2/store/fs/mem/FileMemData$Cache' stamp='36.153'/>
<dependency_failed type='unique_concrete_method_4' ctxk='java/util/HashMap' x='java.util.HashMap put (Ljava/lang/Object;Ljava/lang/Object;)Ljava/lang/Object;' x2='java/util/HashMap' x3='java.util.HashMap put (Ljava/lang/Object;Ljava/lang/Object;)Ljava/lang/Object;' witness='org/h2/store/fs/mem/FileMemData$Cache' stamp='36.153'/>
<dependency_failed type='unique_concrete_method_4' ctxk='java/util/HashMap' x='java.util.HashMap put (Ljava/lang/Object;Ljava/lang/Object;)Ljava/lang/Object;' x2='java/util/HashMap' x3='java.util.HashMap put (Ljava/lang/Object;Ljava/lang/Object;)Ljava/lang/Object;' witness='org/h2/store/fs/mem/FileMemData$Cache' stamp='36.153'/>
<dependency_failed type='unique_concrete_method_4' ctxk='java/util/HashMap' x='java.util.HashMap put (Ljava/lang/Object;Ljava/lang/Object;)Ljava/lang/Object;' x2='java/util/HashMap' x3='java.util.HashMap put (Ljava/lang/Object;Ljava/lang/Object;)Ljava/lang/Object;' witness='org/h2/store/fs/mem/FileMemData$Cache' stamp='36.153'/>
<dependency_failed type='unique_concrete_method_4' ctxk='java/util/HashMap' x='java.util.HashMap put (Ljava/lang/Object;Ljava/lang/Object;)Ljava/lang/Object;' x2='java/util/HashMap' x3='java.util.HashMap put (Ljava/lang/Object;Ljava/lang/Object;)Ljava/lang/Object;' witness='org/h2/store/fs/mem/FileMemData$Cache' stamp='36.153'/>
<dependency_failed type='unique_concrete_method_4' ctxk='java/util/HashMap' x='java.util.HashMap put (Ljava/lang/Object;Ljava/lang/Object;)Ljava/lang/Object;' x2='java/util/HashMap' x3='java.util.HashMap put (Ljava/lang/Object;Ljava/lang/Object;)Ljava/lang/Object;' witness='org/h2/store/fs/mem/FileMemData$Cache' stamp='36.153'/>
<dependency_failed type='unique_concrete_method_4' ctxk='java/util/HashMap' x='java.util.HashMap put (Ljava/lang/Object;Ljava/lang/Object;)Ljava/lang/Object;' x2='java/util/HashMap' x3='java.util.HashMap put (Ljava/lang/Object;Ljava/lang/Object;)Ljava/lang/Object;' witness='org/h2/store/fs/mem/FileMemData$Cache' stamp='36.153'/>
<dependency_failed type='unique_concrete_method_4' ctxk='java/util/HashMap' x='java.util.HashMap put (Ljava/lang/Object;Ljava/lang/Object;)Ljava/lang/Object;' x2='java/util/HashMap' x3='java.util.HashMap put (Ljava/lang/Object;Ljava/lang/Object;)Ljava/lang/Object;' witness='org/h2/store/fs/mem/FileMemData$Cache' stamp='36.153'/>
<dependency_failed type='unique_concrete_method_4' ctxk='java/util/HashMap' x='java.util.HashMap put (Ljava/lang/Object;Ljava/lang/Object;)Ljava/lang/Object;' x2='java/util/HashMap' x3='java.util.HashMap put (Ljava/lang/Object;Ljava/lang/Object;)Ljava/lang/Object;' witness='org/h2/store/fs/mem/FileMemData$Cache' stamp='36.153'/>
<dependency_failed type='unique_concrete_method_4' ctxk='java/util/HashMap' x='java.util.HashMap put (Ljava/lang/Object;Ljava/lang/Object;)Ljava/lang/Object;' x2='java/util/HashMap' x3='java.util.HashMap put (Ljava/lang/Object;Ljava/lang/Object;)Ljava/lang/Object;' witness='org/h2/store/fs/mem/FileMemData$Cache' stamp='36.153'/>
<dependency_failed type='unique_concrete_method_4' ctxk='java/util/HashMap' x='java.util.HashMap put (Ljava/lang/Object;Ljava/lang/Object;)Ljava/lang/Object;' x2='java/util/HashMap' x3='java.util.HashMap put (Ljava/lang/Object;Ljava/lang/Object;)Ljava/lang/Object;' witness='org/h2/store/fs/mem/FileMemData$Cache' stamp='36.153'/>
<dependency_failed type='unique_concrete_method_4' ctxk='java/util/HashMap' x='java.util.HashMap put (Ljava/lang/Object;Ljava/lang/Object;)Ljava/lang/Object;' x2='java/util/HashMap' x3='java.util.HashMap put (Ljava/lang/Object;Ljava/lang/Object;)Ljava/lang/Object;' witness='org/h2/store/fs/mem/FileMemData$Cache' stamp='36.153'/>
<dependency_failed type='unique_concrete_method_4' ctxk='java/util/HashMap' x='java.util.HashMap put (Ljava/lang/Object;Ljava/lang/Object;)Ljava/lang/Object;' x2='java/util/HashMap' x3='java.util.HashMap put (Ljava/lang/Object;Ljava/lang/Object;)Ljava/lang/Object;' witness='org/h2/store/fs/mem/FileMemData$Cache' stamp='36.153'/>
<dependency_failed type='unique_concrete_method_4' ctxk='java/util/HashMap' x='java.util.HashMap put (Ljava/lang/Object;Ljava/lang/Object;)Ljava/lang/Object;' x2='java/util/HashMap' x3='java.util.HashMap put (Ljava/lang/Object;Ljava/lang/Object;)Ljava/lang/Object;' witness='org/h2/store/fs/mem/FileMemData$Cache' stamp='36.153'/>
<dependency_failed type='unique_concrete_method_4' ctxk='java/util/HashMap' x='java.util.HashMap put (Ljava/lang/Object;Ljava/lang/Object;)Ljava/lang/Object;' x2='java/util/HashMap' x3='java.util.HashMap put (Ljava/lang/Object;Ljava/lang/Object;)Ljava/lang/Object;' witness='org/h2/store/fs/mem/FileMemData$Cache' stamp='36.153'/>
<dependency_failed type='unique_concrete_method_4' ctxk='java/util/HashMap' x='java.util.HashMap put (Ljava/lang/Object;Ljava/lang/Object;)Ljava/lang/Object;' x2='java/util/HashMap' x3='java.util.HashMap put (Ljava/lang/Object;Ljava/lang/Object;)Ljava/lang/Object;' witness='org/h2/store/fs/mem/FileMemData$Cache' stamp='36.153'/>
<dependency_failed type='unique_concrete_method_4' ctxk='java/util/HashMap' x='java.util.HashMap put (Ljava/lang/Object;Ljava/lang/Object;)Ljava/lang/Object;' x2='java/util/HashMap' x3='java.util.HashMap put (Ljava/lang/Object;Ljava/lang/Object;)Ljava/lang/Object;' witness='org/h2/store/fs/mem/FileMemData$Cache' stamp='36.153'/>
<dependency_failed type='unique_concrete_method_4' ctxk='java/util/HashMap' x='java.util.HashMap put (Ljava/lang/Object;Ljava/lang/Object;)Ljava/lang/Object;' x2='java/util/Map' x3='java.util.Map put (Ljava/lang/Object;Ljava/lang/Object;)Ljava/lang/Object;' witness='org/h2/store/fs/mem/FileMemData$Cache' stamp='36.153'/>
<dependency_failed type='unique_concrete_method_4' ctxk='java/util/HashMap' x='java.util.HashMap put (Ljava/lang/Object;Ljava/lang/Object;)Ljava/lang/Object;' x2='java/util/HashMap' x3='java.util.HashMap put (Ljava/lang/Object;Ljava/lang/Object;)Ljava/lang/Object;' witness='org/h2/store/fs/mem/FileMemData$Cache' stamp='36.153'/>
<dependency_failed type='unique_concrete_method_4' ctxk='java/util/HashMap' x='java.util.HashMap put (Ljava/lang/Object;Ljava/lang/Object;)Ljava/lang/Object;' x2='java/util/HashMap' x3='java.util.HashMap put (Ljava/lang/Object;Ljava/lang/Object;)Ljava/lang/Object;' witness='org/h2/store/fs/mem/FileMemData$Cache' stamp='36.153'/>
<dependency_failed type='abstract_with_unique_concrete_subtype' ctxk='java/util/concurrent/locks/ReentrantLock$Sync' x='java/util/concurrent/locks/ReentrantLock$NonfairSync' witness='java/util/concurrent/locks/ReentrantLock$FairSync' stamp='36.323'/>
<dependency_failed type='abstract_with_unique_concrete_subtype' ctxk='java/util/concurrent/locks/ReentrantLock$Sync' x='java/util/concurrent/locks/ReentrantLock$NonfairSync' witness='java/util/concurrent/locks/ReentrantLock$FairSync' stamp='36.323'/>
<dependency_failed type='abstract_with_unique_concrete_subtype' ctxk='java/util/concurrent/locks/ReentrantLock$Sync' x='java/util/concurrent/locks/ReentrantLock$NonfairSync' witness='java/util/concurrent/locks/ReentrantLock$FairSync' stamp='36.323'/>
<dependency_failed type='abstract_with_unique_concrete_subtype' ctxk='java/util/concurrent/locks/ReentrantLock$Sync' x='java/util/concurrent/locks/ReentrantLock$NonfairSync' witness='java/util/concurrent/locks/ReentrantLock$FairSync' stamp='36.323'/>
<dependency_failed type='abstract_with_unique_concrete_subtype' ctxk='java/util/concurrent/locks/ReentrantLock$Sync' x='java/util/concurrent/locks/ReentrantLock$NonfairSync' witness='java/util/concurrent/locks/ReentrantLock$FairSync' stamp='36.323'/>
<dependency_failed type='abstract_with_unique_concrete_subtype' ctxk='java/util/concurrent/locks/ReentrantLock$Sync' x='java/util/concurrent/locks/ReentrantLock$NonfairSync' witness='java/util/concurrent/locks/ReentrantLock$FairSync' stamp='36.323'/>
<dependency_failed type='abstract_with_unique_concrete_subtype' ctxk='java/util/concurrent/locks/ReentrantLock$Sync' x='java/util/concurrent/locks/ReentrantLock$NonfairSync' witness='java/util/concurrent/locks/ReentrantLock$FairSync' stamp='36.323'/>
<dependency_failed type='abstract_with_unique_concrete_subtype' ctxk='java/util/concurrent/locks/ReentrantLock$Sync' x='java/util/concurrent/locks/ReentrantLock$NonfairSync' witness='java/util/concurrent/locks/ReentrantLock$FairSync' stamp='36.323'/>
<dependency_failed type='abstract_with_unique_concrete_subtype' ctxk='java/util/concurrent/locks/ReentrantLock$Sync' x='java/util/concurrent/locks/ReentrantLock$NonfairSync' witness='java/util/concurrent/locks/ReentrantLock$FairSync' stamp='36.324'/>
<dependency_failed type='abstract_with_unique_concrete_subtype' ctxk='java/util/concurrent/locks/ReentrantLock$Sync' x='java/util/concurrent/locks/ReentrantLock$NonfairSync' witness='java/util/concurrent/locks/ReentrantLock$FairSync' stamp='36.324'/>
<dependency_failed type='abstract_with_unique_concrete_subtype' ctxk='java/util/concurrent/locks/ReentrantLock$Sync' x='java/util/concurrent/locks/ReentrantLock$NonfairSync' witness='java/util/concurrent/locks/ReentrantLock$FairSync' stamp='36.324'/>
<dependency_failed type='abstract_with_unique_concrete_subtype' ctxk='java/util/concurrent/locks/ReentrantLock$Sync' x='java/util/concurrent/locks/ReentrantLock$NonfairSync' witness='java/util/concurrent/locks/ReentrantLock$FairSync' stamp='36.324'/>
<dependency_failed type='abstract_with_unique_concrete_subtype' ctxk='java/util/concurrent/locks/ReentrantLock$Sync' x='java/util/concurrent/locks/ReentrantLock$NonfairSync' witness='java/util/concurrent/locks/ReentrantLock$FairSync' stamp='36.324'/>
<dependency_failed type='abstract_with_unique_concrete_subtype' ctxk='java/util/concurrent/locks/ReentrantLock$Sync' x='java/util/concurrent/locks/ReentrantLock$NonfairSync' witness='java/util/concurrent/locks/ReentrantLock$FairSync' stamp='36.324'/>
<dependency_failed type='abstract_with_unique_concrete_subtype' ctxk='java/util/concurrent/locks/ReentrantLock$Sync' x='java/util/concurrent/locks/ReentrantLock$NonfairSync' witness='java/util/concurrent/locks/ReentrantLock$FairSync' stamp='36.324'/>
<dependency_failed type='abstract_with_unique_concrete_subtype' ctxk='java/util/concurrent/locks/ReentrantLock$Sync' x='java/util/concurrent/locks/ReentrantLock$NonfairSync' witness='java/util/concurrent/locks/ReentrantLock$FairSync' stamp='36.324'/>
<dependency_failed type='abstract_with_unique_concrete_subtype' ctxk='java/util/concurrent/locks/ReentrantLock$Sync' x='java/util/concurrent/locks/ReentrantLock$NonfairSync' witness='java/util/concurrent/locks/ReentrantLock$FairSync' stamp='36.324'/>
<dependency_failed type='abstract_with_unique_concrete_subtype' ctxk='java/util/concurrent/locks/ReentrantLock$Sync' x='java/util/concurrent/locks/ReentrantLock$NonfairSync' witness='java/util/concurrent/locks/ReentrantLock$FairSync' stamp='36.324'/>
<dependency_failed type='abstract_with_unique_concrete_subtype' ctxk='java/util/concurrent/locks/ReentrantLock$Sync' x='java/util/concurrent/locks/ReentrantLock$NonfairSync' witness='java/util/concurrent/locks/ReentrantLock$FairSync' stamp='36.324'/>
<dependency_failed type='abstract_with_unique_concrete_subtype' ctxk='java/util/concurrent/locks/ReentrantLock$Sync' x='java/util/concurrent/locks/ReentrantLock$NonfairSync' witness='java/util/concurrent/locks/ReentrantLock$FairSync' stamp='36.324'/>
<dependency_failed type='abstract_with_unique_concrete_subtype' ctxk='java/util/concurrent/locks/ReentrantLock$Sync' x='java/util/concurrent/locks/ReentrantLock$NonfairSync' witness='java/util/concurrent/locks/ReentrantLock$FairSync' stamp='36.324'/>
<dependency_failed type='abstract_with_unique_concrete_subtype' ctxk='java/util/concurrent/locks/ReentrantLock$Sync' x='java/util/concurrent/locks/ReentrantLock$NonfairSync' witness='java/util/concurrent/locks/ReentrantLock$FairSync' stamp='36.324'/>
<dependency_failed type='abstract_with_unique_concrete_subtype' ctxk='java/util/concurrent/locks/ReentrantLock$Sync' x='java/util/concurrent/locks/ReentrantLock$NonfairSync' witness='java/util/concurrent/locks/ReentrantLock$FairSync' stamp='36.324'/>
<dependency_failed type='abstract_with_unique_concrete_subtype' ctxk='java/util/concurrent/locks/ReentrantLock$Sync' x='java/util/concurrent/locks/ReentrantLock$NonfairSync' witness='java/util/concurrent/locks/ReentrantLock$FairSync' stamp='36.324'/>
<dependency_failed type='abstract_with_unique_concrete_subtype' ctxk='java/util/concurrent/locks/ReentrantLock$Sync' x='java/util/concurrent/locks/ReentrantLock$NonfairSync' witness='java/util/concurrent/locks/ReentrantLock$FairSync' stamp='36.324'/>
<dependency_failed type='abstract_with_unique_concrete_subtype' ctxk='java/util/concurrent/locks/ReentrantLock$Sync' x='java/util/concurrent/locks/ReentrantLock$NonfairSync' witness='java/util/concurrent/locks/ReentrantLock$FairSync' stamp='36.324'/>
<dependency_failed type='abstract_with_unique_concrete_subtype' ctxk='java/util/concurrent/locks/ReentrantLock$Sync' x='java/util/concurrent/locks/ReentrantLock$NonfairSync' witness='java/util/concurrent/locks/ReentrantLock$FairSync' stamp='36.324'/>
<dependency_failed type='abstract_with_unique_concrete_subtype' ctxk='java/util/concurrent/locks/ReentrantLock$Sync' x='java/util/concurrent/locks/ReentrantLock$NonfairSync' witness='java/util/concurrent/locks/ReentrantLock$FairSync' stamp='36.324'/>
<dependency_failed type='abstract_with_unique_concrete_subtype' ctxk='java/util/concurrent/locks/ReentrantLock$Sync' x='java/util/concurrent/locks/ReentrantLock$NonfairSync' witness='java/util/concurrent/locks/ReentrantLock$FairSync' stamp='36.324'/>
<dependency_failed type='abstract_with_unique_concrete_subtype' ctxk='java/util/concurrent/locks/ReentrantLock$Sync' x='java/util/concurrent/locks/ReentrantLock$NonfairSync' witness='java/util/concurrent/locks/ReentrantLock$FairSync' stamp='36.324'/>
<writer thread='155'/>
<dependency_failed type='abstract_with_unique_concrete_subtype' ctxk='java/util/concurrent/locks/ReentrantLock$Sync' x='java/util/concurrent/locks/ReentrantLock$NonfairSync' witness='java/util/concurrent/locks/ReentrantLock$FairSync' stamp='36.366'/>
<writer thread='173'/>
<dependency_failed type='leaf_type' ctxk='java/util/BitSet' witness='org/h2/mvstore/tx/VersionedBitSet' stamp='36.380'/>
<dependency_failed type='leaf_type' ctxk='java/util/BitSet' witness='org/h2/mvstore/tx/VersionedBitSet' stamp='36.380'/>
<dependency_failed type='leaf_type' ctxk='java/util/BitSet' witness='org/h2/mvstore/tx/VersionedBitSet' stamp='36.380'/>
<dependency_failed type='leaf_type' ctxk='java/util/BitSet' witness='org/h2/mvstore/tx/VersionedBitSet' stamp='36.380'/>
<dependency_failed type='leaf_type' ctxk='java/util/BitSet' witness='org/h2/mvstore/tx/VersionedBitSet' stamp='36.380'/>
<dependency_failed type='leaf_type' ctxk='org/h2/mvstore/MVMap' witness='org/h2/mvstore/rtree/MVRTreeMap' stamp='36.435'/>
<dependency_failed type='leaf_type' ctxk='org/h2/mvstore/MVMap' witness='org/h2/mvstore/rtree/MVRTreeMap' stamp='36.435'/>
<dependency_failed type='leaf_type' ctxk='org/h2/mvstore/MVMap' witness='org/h2/mvstore/rtree/MVRTreeMap' stamp='36.435'/>
<dependency_failed type='leaf_type' ctxk='org/h2/mvstore/MVMap' witness='org/h2/mvstore/rtree/MVRTreeMap' stamp='36.435'/>
<dependency_failed type='leaf_type' ctxk='org/h2/mvstore/MVMap' witness='org/h2/mvstore/rtree/MVRTreeMap' stamp='36.435'/>
<dependency_failed type='leaf_type' ctxk='org/h2/mvstore/MVMap' witness='org/h2/mvstore/rtree/MVRTreeMap' stamp='36.435'/>
<dependency_failed type='leaf_type' ctxk='org/h2/mvstore/MVMap' witness='org/h2/mvstore/rtree/MVRTreeMap' stamp='36.435'/>
<dependency_failed type='leaf_type' ctxk='org/h2/mvstore/MVMap' witness='org/h2/mvstore/rtree/MVRTreeMap' stamp='36.435'/>
<dependency_failed type='leaf_type' ctxk='org/h2/mvstore/MVMap' witness='org/h2/mvstore/rtree/MVRTreeMap' stamp='36.435'/>
<dependency_failed type='leaf_type' ctxk='org/h2/mvstore/MVMap' witness='org/h2/mvstore/rtree/MVRTreeMap' stamp='36.435'/>
<dependency_failed type='leaf_type' ctxk='org/h2/mvstore/MVMap' witness='org/h2/mvstore/rtree/MVRTreeMap' stamp='36.435'/>
<dependency_failed type='leaf_type' ctxk='org/h2/mvstore/MVMap' witness='org/h2/mvstore/rtree/MVRTreeMap' stamp='36.435'/>
<dependency_failed type='unique_concrete_method_4' ctxk='org/h2/expression/Expression' x='org.h2.expression.ValueExpression getValue (Lorg/h2/engine/SessionLocal;)Lorg/h2/value/Value;' x2='org/h2/expression/Expression' x3='org.h2.expression.Expression getValue (Lorg/h2/engine/SessionLocal;)Lorg/h2/value/Value;' witness='org/h2/expression/function/CurrentDateTimeValueFunction' stamp='36.585'/>
<writer thread='156'/>
<dependency_failed type='unique_concrete_method_4' ctxk='org/h2/expression/Expression' x='org.h2.expression.Operation0 optimize (Lorg/h2/engine/SessionLocal;)Lorg/h2/expression/Expression;' x2='org/h2/expression/Expression' x3='org.h2.expression.Expression optimize (Lorg/h2/engine/SessionLocal;)Lorg/h2/expression/Expression;' witness='org/h2/expression/function/StringFunction1' stamp='36.621'/>
<writer thread='173'/>
<dependency_failed type='unique_concrete_method_4' ctxk='org/h2/result/SearchRow' x='org.h2.result.DefaultRow getValue (I)Lorg/h2/value/Value;' x2='org/h2/result/SearchRow' x3='org.h2.result.SearchRow getValue (I)Lorg/h2/value/Value;' witness='org/h2/result/Sparse' stamp='36.632'/>
<dependency_failed type='unique_concrete_method_4' ctxk='org/h2/result/SearchRow' x='org.h2.result.DefaultRow getColumnCount ()I' x2='org/h2/result/SearchRow' x3='org.h2.result.SearchRow getColumnCount ()I' witness='org/h2/result/Sparse' stamp='36.632'/>
<dependency_failed type='unique_concrete_method_4' ctxk='org/h2/table/Table' x='org.h2.mvstore.db.MVTable getTableType ()Lorg/h2/table/TableType;' x2='org/h2/table/Table' x3='org.h2.table.Table getTableType ()Lorg/h2/table/TableType;' witness='org/h2/table/TableView' stamp='36.748'/>
<dependency_failed type='unique_concrete_method_4' ctxk='org/h2/table/Table' x='org.h2.mvstore.db.MVTable lock (Lorg/h2/engine/SessionLocal;I)Z' x2='org/h2/table/Table' x3='org.h2.table.Table lock (Lorg/h2/engine/SessionLocal;I)Z' witness='org/h2/table/TableView' stamp='36.748'/>
<dependency_failed type='unique_concrete_method_4' ctxk='org/h2/table/Table' x='org.h2.mvstore.db.MVTable lock (Lorg/h2/engine/SessionLocal;I)Z' x2='org/h2/table/Table' x3='org.h2.table.Table lock (Lorg/h2/engine/SessionLocal;I)Z' witness='org/h2/table/TableView' stamp='36.748'/>
<dependency_failed type='unique_concrete_method_4' ctxk='org/h2/table/Table' x='org.h2.mvstore.db.MVTable lock (Lorg/h2/engine/SessionLocal;I)Z' x2='org/h2/table/Table' x3='org.h2.table.Table lock (Lorg/h2/engine/SessionLocal;I)Z' witness='org/h2/table/TableView' stamp='36.748'/>
<dependency_failed type='unique_concrete_method_4' ctxk='org/h2/table/Table' x='org.h2.mvstore.db.MVTable isLockedExclusivelyBy (Lorg/h2/engine/SessionLocal;)Z' x2='org/h2/table/Table' x3='org.h2.table.Table isLockedExclusivelyBy (Lorg/h2/engine/SessionLocal;)Z' witness='org/h2/table/TableView' stamp='36.748'/>
<dependency_failed type='unique_concrete_method_4' ctxk='org/h2/table/Table' x='org.h2.mvstore.db.MVTable isLockedExclusivelyBy (Lorg/h2/engine/SessionLocal;)Z' x2='org/h2/table/Table' x3='org.h2.table.Table isLockedExclusivelyBy (Lorg/h2/engine/SessionLocal;)Z' witness='org/h2/table/TableView' stamp='36.748'/>
<dependency_failed type='unique_concrete_method_4' ctxk='org/h2/table/Table' x='org.h2.mvstore.db.MVTable lock (Lorg/h2/engine/SessionLocal;I)Z' x2='org/h2/table/Table' x3='org.h2.table.Table lock (Lorg/h2/engine/SessionLocal;I)Z' witness='org/h2/table/TableView' stamp='36.748'/>
<writer thread='156'/>
<dependency_failed type='unique_concrete_method_4' ctxk='org/h2/table/Table' x='org.h2.mvstore.db.MVTable lock (Lorg/h2/engine/SessionLocal;I)Z' x2='org/h2/table/Table' x3='org.h2.table.Table lock (Lorg/h2/engine/SessionLocal;I)Z' witness='org/h2/table/TableView' stamp='36.749'/>
<dependency_failed type='unique_concrete_method_4' ctxk='org/h2/table/Table' x='org.h2.table.Table canReference ()Z' x2='org/h2/table/Table' x3='org.h2.table.Table canReference ()Z' witness='org/h2/table/TableView' stamp='36.749'/>
<dependency_failed type='unique_concrete_method_4' ctxk='org/h2/table/Table' x='org.h2.mvstore.db.MVTable addIndex (Lorg/h2/engine/SessionLocal;Ljava/lang/String;I[Lorg/h2/table/IndexColumn;ILorg/h2/index/IndexType;ZLjava/lang/String;)Lorg/h2/index/Index;' x2='org/h2/table/Table' x3='org.h2.table.Table addIndex (Lorg/h2/engine/SessionLocal;Ljava/lang/String;I[Lorg/h2/table/IndexColumn;ILorg/h2/index/IndexType;ZLjava/lang/String;)Lorg/h2/index/Index;' witness='org/h2/table/TableView' stamp='36.749'/>
<writer thread='173'/>
<dependency_failed type='unique_concrete_method_4' ctxk='org/h2/command/Prepared' x='org.h2.command.Prepared prepare ()V' x2='org/h2/command/Prepared' x3='org.h2.command.Prepared prepare ()V' witness='org/h2/command/dml/Call' stamp='36.775'/>
<dependency_failed type='unique_concrete_method_4' ctxk='org/h2/command/Prepared' x='org.h2.command.Prepared prepare ()V' x2='org/h2/command/Prepared' x3='org.h2.command.Prepared prepare ()V' witness='org/h2/command/dml/Call' stamp='36.775'/>
<dependency_failed type='unique_concrete_method_4' ctxk='java/util/concurrent/ConcurrentHashMap' x='java.util.concurrent.ConcurrentHashMap get (Ljava/lang/Object;)Ljava/lang/Object;' x2='java/util/concurrent/ConcurrentHashMap' x3='java.util.concurrent.ConcurrentHashMap get (Ljava/lang/Object;)Ljava/lang/Object;' witness='org/apache/ibatis/session/Configuration$StrictMap' stamp='36.850'/>
<dependency_failed type='unique_concrete_method_4' ctxk='java/util/concurrent/ConcurrentHashMap' x='java.util.concurrent.ConcurrentHashMap get (Ljava/lang/Object;)Ljava/lang/Object;' x2='java/util/concurrent/ConcurrentHashMap' x3='java.util.concurrent.ConcurrentHashMap get (Ljava/lang/Object;)Ljava/lang/Object;' witness='org/apache/ibatis/session/Configuration$StrictMap' stamp='36.850'/>
<dependency_failed type='unique_concrete_method_4' ctxk='java/util/concurrent/ConcurrentHashMap' x='java.util.concurrent.ConcurrentHashMap get (Ljava/lang/Object;)Ljava/lang/Object;' x2='java/util/concurrent/ConcurrentHashMap' x3='java.util.concurrent.ConcurrentHashMap get (Ljava/lang/Object;)Ljava/lang/Object;' witness='org/apache/ibatis/session/Configuration$StrictMap' stamp='36.850'/>
<dependency_failed type='unique_concrete_method_4' ctxk='java/util/concurrent/ConcurrentHashMap' x='java.util.concurrent.ConcurrentHashMap get (Ljava/lang/Object;)Ljava/lang/Object;' x2='java/util/concurrent/ConcurrentHashMap' x3='java.util.concurrent.ConcurrentHashMap get (Ljava/lang/Object;)Ljava/lang/Object;' witness='org/apache/ibatis/session/Configuration$StrictMap' stamp='36.850'/>
<dependency_failed type='unique_concrete_method_4' ctxk='java/util/concurrent/ConcurrentHashMap' x='java.util.concurrent.ConcurrentHashMap get (Ljava/lang/Object;)Ljava/lang/Object;' x2='java/util/concurrent/ConcurrentHashMap' x3='java.util.concurrent.ConcurrentHashMap get (Ljava/lang/Object;)Ljava/lang/Object;' witness='org/apache/ibatis/session/Configuration$StrictMap' stamp='36.850'/>
<dependency_failed type='unique_concrete_method_4' ctxk='java/util/concurrent/ConcurrentHashMap' x='java.util.concurrent.ConcurrentHashMap get (Ljava/lang/Object;)Ljava/lang/Object;' x2='java/util/concurrent/ConcurrentHashMap' x3='java.util.concurrent.ConcurrentHashMap get (Ljava/lang/Object;)Ljava/lang/Object;' witness='org/apache/ibatis/session/Configuration$StrictMap' stamp='36.850'/>
<dependency_failed type='unique_concrete_method_4' ctxk='java/util/concurrent/ConcurrentHashMap' x='java.util.concurrent.ConcurrentHashMap get (Ljava/lang/Object;)Ljava/lang/Object;' x2='java/util/concurrent/ConcurrentHashMap' x3='java.util.concurrent.ConcurrentHashMap get (Ljava/lang/Object;)Ljava/lang/Object;' witness='org/apache/ibatis/session/Configuration$StrictMap' stamp='36.850'/>
<dependency_failed type='unique_concrete_method_4' ctxk='java/util/concurrent/ConcurrentHashMap' x='java.util.concurrent.ConcurrentHashMap get (Ljava/lang/Object;)Ljava/lang/Object;' x2='java/util/concurrent/ConcurrentHashMap' x3='java.util.concurrent.ConcurrentHashMap get (Ljava/lang/Object;)Ljava/lang/Object;' witness='org/apache/ibatis/session/Configuration$StrictMap' stamp='36.850'/>
<dependency_failed type='unique_concrete_method_4' ctxk='java/util/concurrent/ConcurrentHashMap' x='java.util.concurrent.ConcurrentHashMap get (Ljava/lang/Object;)Ljava/lang/Object;' x2='java/util/concurrent/ConcurrentHashMap' x3='java.util.concurrent.ConcurrentHashMap get (Ljava/lang/Object;)Ljava/lang/Object;' witness='org/apache/ibatis/session/Configuration$StrictMap' stamp='36.850'/>
<dependency_failed type='unique_concrete_method_4' ctxk='java/util/concurrent/ConcurrentHashMap' x='java.util.concurrent.ConcurrentHashMap get (Ljava/lang/Object;)Ljava/lang/Object;' x2='java/util/concurrent/ConcurrentHashMap' x3='java.util.concurrent.ConcurrentHashMap get (Ljava/lang/Object;)Ljava/lang/Object;' witness='org/apache/ibatis/session/Configuration$StrictMap' stamp='36.850'/>
<dependency_failed type='unique_concrete_method_4' ctxk='java/util/concurrent/ConcurrentHashMap' x='java.util.concurrent.ConcurrentHashMap containsKey (Ljava/lang/Object;)Z' x2='java/util/concurrent/ConcurrentHashMap' x3='java.util.concurrent.ConcurrentHashMap containsKey (Ljava/lang/Object;)Z' witness='org/apache/ibatis/session/Configuration$StrictMap' stamp='36.850'/>
<dependency_failed type='unique_concrete_method_4' ctxk='java/util/concurrent/ConcurrentHashMap' x='java.util.concurrent.ConcurrentHashMap get (Ljava/lang/Object;)Ljava/lang/Object;' x2='java/util/concurrent/ConcurrentHashMap' x3='java.util.concurrent.ConcurrentHashMap get (Ljava/lang/Object;)Ljava/lang/Object;' witness='org/apache/ibatis/session/Configuration$StrictMap' stamp='36.851'/>
<dependency_failed type='unique_concrete_method_4' ctxk='java/util/concurrent/ConcurrentHashMap' x='java.util.concurrent.ConcurrentHashMap get (Ljava/lang/Object;)Ljava/lang/Object;' x2='java/util/concurrent/ConcurrentHashMap' x3='java.util.concurrent.ConcurrentHashMap get (Ljava/lang/Object;)Ljava/lang/Object;' witness='org/apache/ibatis/session/Configuration$StrictMap' stamp='36.851'/>
<dependency_failed type='unique_concrete_method_4' ctxk='java/util/concurrent/ConcurrentHashMap' x='java.util.concurrent.ConcurrentHashMap get (Ljava/lang/Object;)Ljava/lang/Object;' x2='java/util/concurrent/ConcurrentHashMap' x3='java.util.concurrent.ConcurrentHashMap get (Ljava/lang/Object;)Ljava/lang/Object;' witness='org/apache/ibatis/session/Configuration$StrictMap' stamp='36.851'/>
<dependency_failed type='unique_concrete_method_4' ctxk='java/util/concurrent/ConcurrentHashMap' x='java.util.concurrent.ConcurrentHashMap get (Ljava/lang/Object;)Ljava/lang/Object;' x2='java/util/concurrent/ConcurrentHashMap' x3='java.util.concurrent.ConcurrentHashMap get (Ljava/lang/Object;)Ljava/lang/Object;' witness='org/apache/ibatis/session/Configuration$StrictMap' stamp='36.851'/>
<dependency_failed type='unique_concrete_method_4' ctxk='java/util/concurrent/ConcurrentHashMap' x='java.util.concurrent.ConcurrentHashMap get (Ljava/lang/Object;)Ljava/lang/Object;' x2='java/util/concurrent/ConcurrentHashMap' x3='java.util.concurrent.ConcurrentHashMap get (Ljava/lang/Object;)Ljava/lang/Object;' witness='org/apache/ibatis/session/Configuration$StrictMap' stamp='36.851'/>
<dependency_failed type='unique_concrete_method_4' ctxk='java/util/concurrent/ConcurrentHashMap' x='java.util.concurrent.ConcurrentHashMap get (Ljava/lang/Object;)Ljava/lang/Object;' x2='java/util/concurrent/ConcurrentHashMap' x3='java.util.concurrent.ConcurrentHashMap get (Ljava/lang/Object;)Ljava/lang/Object;' witness='org/apache/ibatis/session/Configuration$StrictMap' stamp='36.851'/>
<dependency_failed type='unique_concrete_method_4' ctxk='java/util/concurrent/ConcurrentHashMap' x='java.util.concurrent.ConcurrentHashMap get (Ljava/lang/Object;)Ljava/lang/Object;' x2='java/util/concurrent/ConcurrentHashMap' x3='java.util.concurrent.ConcurrentHashMap get (Ljava/lang/Object;)Ljava/lang/Object;' witness='org/apache/ibatis/session/Configuration$StrictMap' stamp='36.851'/>
<dependency_failed type='unique_concrete_method_4' ctxk='java/util/concurrent/ConcurrentHashMap' x='java.util.concurrent.ConcurrentHashMap get (Ljava/lang/Object;)Ljava/lang/Object;' x2='java/util/concurrent/ConcurrentHashMap' x3='java.util.concurrent.ConcurrentHashMap get (Ljava/lang/Object;)Ljava/lang/Object;' witness='org/apache/ibatis/session/Configuration$StrictMap' stamp='36.851'/>
<dependency_failed type='unique_concrete_method_4' ctxk='java/util/concurrent/ConcurrentHashMap' x='java.util.concurrent.ConcurrentHashMap get (Ljava/lang/Object;)Ljava/lang/Object;' x2='java/util/concurrent/ConcurrentHashMap' x3='java.util.concurrent.ConcurrentHashMap get (Ljava/lang/Object;)Ljava/lang/Object;' witness='org/apache/ibatis/session/Configuration$StrictMap' stamp='36.851'/>
<dependency_failed type='unique_concrete_method_4' ctxk='java/util/concurrent/ConcurrentHashMap' x='java.util.concurrent.ConcurrentHashMap get (Ljava/lang/Object;)Ljava/lang/Object;' x2='java/util/concurrent/ConcurrentHashMap' x3='java.util.concurrent.ConcurrentHashMap get (Ljava/lang/Object;)Ljava/lang/Object;' witness='org/apache/ibatis/session/Configuration$StrictMap' stamp='36.851'/>
<dependency_failed type='unique_concrete_method_4' ctxk='java/util/concurrent/ConcurrentHashMap' x='java.util.concurrent.ConcurrentHashMap get (Ljava/lang/Object;)Ljava/lang/Object;' x2='java/util/concurrent/ConcurrentHashMap' x3='java.util.concurrent.ConcurrentHashMap get (Ljava/lang/Object;)Ljava/lang/Object;' witness='org/apache/ibatis/session/Configuration$StrictMap' stamp='36.851'/>
<dependency_failed type='unique_concrete_method_4' ctxk='java/util/concurrent/ConcurrentHashMap' x='java.util.concurrent.ConcurrentHashMap get (Ljava/lang/Object;)Ljava/lang/Object;' x2='java/util/concurrent/ConcurrentHashMap' x3='java.util.concurrent.ConcurrentHashMap get (Ljava/lang/Object;)Ljava/lang/Object;' witness='org/apache/ibatis/session/Configuration$StrictMap' stamp='36.851'/>
<dependency_failed type='unique_concrete_method_4' ctxk='java/util/concurrent/ConcurrentHashMap' x='java.util.concurrent.ConcurrentHashMap get (Ljava/lang/Object;)Ljava/lang/Object;' x2='java/util/concurrent/ConcurrentHashMap' x3='java.util.concurrent.ConcurrentHashMap get (Ljava/lang/Object;)Ljava/lang/Object;' witness='org/apache/ibatis/session/Configuration$StrictMap' stamp='36.851'/>
<dependency_failed type='unique_concrete_method_4' ctxk='java/util/concurrent/ConcurrentHashMap' x='java.util.concurrent.ConcurrentHashMap get (Ljava/lang/Object;)Ljava/lang/Object;' x2='java/util/concurrent/ConcurrentHashMap' x3='java.util.concurrent.ConcurrentHashMap get (Ljava/lang/Object;)Ljava/lang/Object;' witness='org/apache/ibatis/session/Configuration$StrictMap' stamp='36.851'/>
<dependency_failed type='unique_concrete_method_4' ctxk='java/util/concurrent/ConcurrentHashMap' x='java.util.concurrent.ConcurrentHashMap put (Ljava/lang/Object;Ljava/lang/Object;)Ljava/lang/Object;' x2='java/util/concurrent/ConcurrentHashMap' x3='java.util.concurrent.ConcurrentHashMap put (Ljava/lang/Object;Ljava/lang/Object;)Ljava/lang/Object;' witness='org/apache/ibatis/session/Configuration$StrictMap' stamp='36.851'/>
<dependency_failed type='unique_concrete_method_4' ctxk='java/util/concurrent/ConcurrentHashMap' x='java.util.concurrent.ConcurrentHashMap get (Ljava/lang/Object;)Ljava/lang/Object;' x2='java/util/concurrent/ConcurrentHashMap' x3='java.util.concurrent.ConcurrentHashMap get (Ljava/lang/Object;)Ljava/lang/Object;' witness='org/apache/ibatis/session/Configuration$StrictMap' stamp='36.851'/>
<dependency_failed type='unique_concrete_method_4' ctxk='java/util/concurrent/ConcurrentHashMap' x='java.util.concurrent.ConcurrentHashMap get (Ljava/lang/Object;)Ljava/lang/Object;' x2='java/util/concurrent/ConcurrentHashMap' x3='java.util.concurrent.ConcurrentHashMap get (Ljava/lang/Object;)Ljava/lang/Object;' witness='org/apache/ibatis/session/Configuration$StrictMap' stamp='36.851'/>
<dependency_failed type='unique_concrete_method_4' ctxk='java/util/concurrent/ConcurrentHashMap' x='java.util.concurrent.ConcurrentHashMap get (Ljava/lang/Object;)Ljava/lang/Object;' x2='java/util/concurrent/ConcurrentHashMap' x3='java.util.concurrent.ConcurrentHashMap get (Ljava/lang/Object;)Ljava/lang/Object;' witness='org/apache/ibatis/session/Configuration$StrictMap' stamp='36.851'/>
<dependency_failed type='unique_concrete_method_4' ctxk='java/util/concurrent/ConcurrentHashMap' x='java.util.concurrent.ConcurrentHashMap get (Ljava/lang/Object;)Ljava/lang/Object;' x2='java/util/concurrent/ConcurrentHashMap' x3='java.util.concurrent.ConcurrentHashMap get (Ljava/lang/Object;)Ljava/lang/Object;' witness='org/apache/ibatis/session/Configuration$StrictMap' stamp='36.851'/>
<dependency_failed type='unique_concrete_method_4' ctxk='java/util/concurrent/ConcurrentHashMap' x='java.util.concurrent.ConcurrentHashMap get (Ljava/lang/Object;)Ljava/lang/Object;' x2='java/util/concurrent/ConcurrentHashMap' x3='java.util.concurrent.ConcurrentHashMap get (Ljava/lang/Object;)Ljava/lang/Object;' witness='org/apache/ibatis/session/Configuration$StrictMap' stamp='36.851'/>
<dependency_failed type='unique_concrete_method_4' ctxk='java/util/concurrent/ConcurrentHashMap' x='java.util.concurrent.ConcurrentHashMap get (Ljava/lang/Object;)Ljava/lang/Object;' x2='java/util/concurrent/ConcurrentHashMap' x3='java.util.concurrent.ConcurrentHashMap get (Ljava/lang/Object;)Ljava/lang/Object;' witness='org/apache/ibatis/session/Configuration$StrictMap' stamp='36.851'/>
<dependency_failed type='unique_concrete_method_4' ctxk='java/util/concurrent/ConcurrentHashMap' x='java.util.concurrent.ConcurrentHashMap get (Ljava/lang/Object;)Ljava/lang/Object;' x2='java/util/concurrent/ConcurrentHashMap' x3='java.util.concurrent.ConcurrentHashMap get (Ljava/lang/Object;)Ljava/lang/Object;' witness='org/apache/ibatis/session/Configuration$StrictMap' stamp='36.851'/>
<dependency_failed type='unique_concrete_method_4' ctxk='java/util/concurrent/ConcurrentHashMap' x='java.util.concurrent.ConcurrentHashMap get (Ljava/lang/Object;)Ljava/lang/Object;' x2='java/util/concurrent/ConcurrentHashMap' x3='java.util.concurrent.ConcurrentHashMap get (Ljava/lang/Object;)Ljava/lang/Object;' witness='org/apache/ibatis/session/Configuration$StrictMap' stamp='36.851'/>
<dependency_failed type='unique_concrete_method_4' ctxk='java/util/concurrent/ConcurrentHashMap' x='java.util.concurrent.ConcurrentHashMap get (Ljava/lang/Object;)Ljava/lang/Object;' x2='java/util/concurrent/ConcurrentHashMap' x3='java.util.concurrent.ConcurrentHashMap get (Ljava/lang/Object;)Ljava/lang/Object;' witness='org/apache/ibatis/session/Configuration$StrictMap' stamp='36.851'/>
<dependency_failed type='unique_concrete_method_4' ctxk='java/util/concurrent/ConcurrentHashMap' x='java.util.concurrent.ConcurrentHashMap get (Ljava/lang/Object;)Ljava/lang/Object;' x2='java/util/concurrent/ConcurrentHashMap' x3='java.util.concurrent.ConcurrentHashMap get (Ljava/lang/Object;)Ljava/lang/Object;' witness='org/apache/ibatis/session/Configuration$StrictMap' stamp='36.851'/>
<dependency_failed type='unique_concrete_method_4' ctxk='java/util/concurrent/ConcurrentHashMap' x='java.util.concurrent.ConcurrentHashMap get (Ljava/lang/Object;)Ljava/lang/Object;' x2='java/util/concurrent/ConcurrentHashMap' x3='java.util.concurrent.ConcurrentHashMap get (Ljava/lang/Object;)Ljava/lang/Object;' witness='org/apache/ibatis/session/Configuration$StrictMap' stamp='36.851'/>
<dependency_failed type='unique_concrete_method_4' ctxk='java/util/concurrent/ConcurrentHashMap' x='java.util.concurrent.ConcurrentHashMap get (Ljava/lang/Object;)Ljava/lang/Object;' x2='java/util/concurrent/ConcurrentHashMap' x3='java.util.concurrent.ConcurrentHashMap get (Ljava/lang/Object;)Ljava/lang/Object;' witness='org/apache/ibatis/session/Configuration$StrictMap' stamp='36.851'/>
<dependency_failed type='unique_concrete_method_4' ctxk='java/util/concurrent/ConcurrentHashMap' x='java.util.concurrent.ConcurrentHashMap get (Ljava/lang/Object;)Ljava/lang/Object;' x2='java/util/concurrent/ConcurrentHashMap' x3='java.util.concurrent.ConcurrentHashMap get (Ljava/lang/Object;)Ljava/lang/Object;' witness='org/apache/ibatis/session/Configuration$StrictMap' stamp='36.851'/>
<dependency_failed type='unique_concrete_method_4' ctxk='java/util/concurrent/ConcurrentHashMap' x='java.util.concurrent.ConcurrentHashMap get (Ljava/lang/Object;)Ljava/lang/Object;' x2='java/util/concurrent/ConcurrentHashMap' x3='java.util.concurrent.ConcurrentHashMap get (Ljava/lang/Object;)Ljava/lang/Object;' witness='org/apache/ibatis/session/Configuration$StrictMap' stamp='36.851'/>
<dependency_failed type='unique_concrete_method_4' ctxk='java/util/concurrent/ConcurrentHashMap' x='java.util.concurrent.ConcurrentHashMap get (Ljava/lang/Object;)Ljava/lang/Object;' x2='java/util/Map' x3='java.util.Map get (Ljava/lang/Object;)Ljava/lang/Object;' witness='org/apache/ibatis/session/Configuration$StrictMap' stamp='36.851'/>
<dependency_failed type='unique_concrete_method_4' ctxk='java/util/concurrent/ConcurrentHashMap' x='java.util.concurrent.ConcurrentHashMap put (Ljava/lang/Object;Ljava/lang/Object;)Ljava/lang/Object;' x2='java/util/concurrent/ConcurrentHashMap' x3='java.util.concurrent.ConcurrentHashMap put (Ljava/lang/Object;Ljava/lang/Object;)Ljava/lang/Object;' witness='org/apache/ibatis/session/Configuration$StrictMap' stamp='36.851'/>
<dependency_failed type='unique_concrete_method_4' ctxk='java/util/concurrent/ConcurrentHashMap' x='java.util.concurrent.ConcurrentHashMap get (Ljava/lang/Object;)Ljava/lang/Object;' x2='java/util/concurrent/ConcurrentHashMap' x3='java.util.concurrent.ConcurrentHashMap get (Ljava/lang/Object;)Ljava/lang/Object;' witness='org/apache/ibatis/session/Configuration$StrictMap' stamp='36.851'/>
<dependency_failed type='unique_concrete_method_4' ctxk='java/util/concurrent/ConcurrentHashMap' x='java.util.concurrent.ConcurrentHashMap get (Ljava/lang/Object;)Ljava/lang/Object;' x2='java/util/concurrent/ConcurrentHashMap' x3='java.util.concurrent.ConcurrentHashMap get (Ljava/lang/Object;)Ljava/lang/Object;' witness='org/apache/ibatis/session/Configuration$StrictMap' stamp='36.851'/>
<dependency_failed type='unique_concrete_method_4' ctxk='java/util/concurrent/ConcurrentHashMap' x='java.util.concurrent.ConcurrentHashMap get (Ljava/lang/Object;)Ljava/lang/Object;' x2='java/util/concurrent/ConcurrentHashMap' x3='java.util.concurrent.ConcurrentHashMap get (Ljava/lang/Object;)Ljava/lang/Object;' witness='org/apache/ibatis/session/Configuration$StrictMap' stamp='36.851'/>
<dependency_failed type='unique_concrete_method_4' ctxk='java/util/concurrent/ConcurrentHashMap' x='java.util.concurrent.ConcurrentHashMap containsKey (Ljava/lang/Object;)Z' x2='java/util/concurrent/ConcurrentHashMap' x3='java.util.concurrent.ConcurrentHashMap containsKey (Ljava/lang/Object;)Z' witness='org/apache/ibatis/session/Configuration$StrictMap' stamp='36.851'/>
<dependency_failed type='unique_concrete_method_4' ctxk='java/util/concurrent/ConcurrentHashMap' x='java.util.concurrent.ConcurrentHashMap containsKey (Ljava/lang/Object;)Z' x2='java/util/concurrent/ConcurrentHashMap' x3='java.util.concurrent.ConcurrentHashMap containsKey (Ljava/lang/Object;)Z' witness='org/apache/ibatis/session/Configuration$StrictMap' stamp='36.851'/>
<dependency_failed type='unique_concrete_method_4' ctxk='java/util/concurrent/ConcurrentHashMap' x='java.util.concurrent.ConcurrentHashMap get (Ljava/lang/Object;)Ljava/lang/Object;' x2='java/util/concurrent/ConcurrentHashMap' x3='java.util.concurrent.ConcurrentHashMap get (Ljava/lang/Object;)Ljava/lang/Object;' witness='org/apache/ibatis/session/Configuration$StrictMap' stamp='36.851'/>
<dependency_failed type='unique_concrete_method_4' ctxk='java/util/concurrent/ConcurrentHashMap' x='java.util.concurrent.ConcurrentHashMap get (Ljava/lang/Object;)Ljava/lang/Object;' x2='java/util/concurrent/ConcurrentHashMap' x3='java.util.concurrent.ConcurrentHashMap get (Ljava/lang/Object;)Ljava/lang/Object;' witness='org/apache/ibatis/session/Configuration$StrictMap' stamp='36.851'/>
<dependency_failed type='unique_concrete_method_4' ctxk='java/util/concurrent/ConcurrentHashMap' x='java.util.concurrent.ConcurrentHashMap containsKey (Ljava/lang/Object;)Z' x2='java/util/concurrent/ConcurrentHashMap' x3='java.util.concurrent.ConcurrentHashMap containsKey (Ljava/lang/Object;)Z' witness='org/apache/ibatis/session/Configuration$StrictMap' stamp='36.851'/>
<dependency_failed type='unique_concrete_method_4' ctxk='java/util/concurrent/ConcurrentHashMap' x='java.util.concurrent.ConcurrentHashMap get (Ljava/lang/Object;)Ljava/lang/Object;' x2='java/util/concurrent/ConcurrentHashMap' x3='java.util.concurrent.ConcurrentHashMap get (Ljava/lang/Object;)Ljava/lang/Object;' witness='org/apache/ibatis/session/Configuration$StrictMap' stamp='36.851'/>
<dependency_failed type='unique_concrete_method_4' ctxk='java/util/concurrent/ConcurrentHashMap' x='java.util.concurrent.ConcurrentHashMap get (Ljava/lang/Object;)Ljava/lang/Object;' x2='java/util/concurrent/ConcurrentHashMap' x3='java.util.concurrent.ConcurrentHashMap get (Ljava/lang/Object;)Ljava/lang/Object;' witness='org/apache/ibatis/session/Configuration$StrictMap' stamp='36.851'/>
<dependency_failed type='unique_concrete_method_4' ctxk='java/util/concurrent/ConcurrentHashMap' x='java.util.concurrent.ConcurrentHashMap get (Ljava/lang/Object;)Ljava/lang/Object;' x2='java/util/concurrent/ConcurrentHashMap' x3='java.util.concurrent.ConcurrentHashMap get (Ljava/lang/Object;)Ljava/lang/Object;' witness='org/apache/ibatis/session/Configuration$StrictMap' stamp='36.851'/>
<dependency_failed type='unique_concrete_method_4' ctxk='java/util/concurrent/ConcurrentHashMap' x='java.util.concurrent.ConcurrentHashMap get (Ljava/lang/Object;)Ljava/lang/Object;' x2='java/util/concurrent/ConcurrentHashMap' x3='java.util.concurrent.ConcurrentHashMap get (Ljava/lang/Object;)Ljava/lang/Object;' witness='org/apache/ibatis/session/Configuration$StrictMap' stamp='36.851'/>
<dependency_failed type='unique_concrete_method_4' ctxk='java/util/concurrent/ConcurrentHashMap' x='java.util.concurrent.ConcurrentHashMap get (Ljava/lang/Object;)Ljava/lang/Object;' x2='java/util/concurrent/ConcurrentHashMap' x3='java.util.concurrent.ConcurrentHashMap get (Ljava/lang/Object;)Ljava/lang/Object;' witness='org/apache/ibatis/session/Configuration$StrictMap' stamp='36.851'/>
<dependency_failed type='unique_concrete_method_4' ctxk='java/util/concurrent/ConcurrentHashMap' x='java.util.concurrent.ConcurrentHashMap get (Ljava/lang/Object;)Ljava/lang/Object;' x2='java/util/concurrent/ConcurrentHashMap' x3='java.util.concurrent.ConcurrentHashMap get (Ljava/lang/Object;)Ljava/lang/Object;' witness='org/apache/ibatis/session/Configuration$StrictMap' stamp='36.851'/>
<dependency_failed type='unique_concrete_method_4' ctxk='java/util/concurrent/ConcurrentHashMap' x='java.util.concurrent.ConcurrentHashMap get (Ljava/lang/Object;)Ljava/lang/Object;' x2='java/util/concurrent/ConcurrentHashMap' x3='java.util.concurrent.ConcurrentHashMap get (Ljava/lang/Object;)Ljava/lang/Object;' witness='org/apache/ibatis/session/Configuration$StrictMap' stamp='36.851'/>
<dependency_failed type='unique_concrete_method_4' ctxk='java/util/concurrent/ConcurrentHashMap' x='java.util.concurrent.ConcurrentHashMap get (Ljava/lang/Object;)Ljava/lang/Object;' x2='java/util/Map' x3='java.util.Map get (Ljava/lang/Object;)Ljava/lang/Object;' witness='org/apache/ibatis/session/Configuration$StrictMap' stamp='36.851'/>
<dependency_failed type='unique_concrete_method_4' ctxk='java/util/concurrent/ConcurrentHashMap' x='java.util.concurrent.ConcurrentHashMap get (Ljava/lang/Object;)Ljava/lang/Object;' x2='java/util/Map' x3='java.util.Map get (Ljava/lang/Object;)Ljava/lang/Object;' witness='org/apache/ibatis/session/Configuration$StrictMap' stamp='36.851'/>
<dependency_failed type='unique_concrete_method_4' ctxk='java/util/concurrent/ConcurrentHashMap' x='java.util.concurrent.ConcurrentHashMap get (Ljava/lang/Object;)Ljava/lang/Object;' x2='java/util/concurrent/ConcurrentHashMap' x3='java.util.concurrent.ConcurrentHashMap get (Ljava/lang/Object;)Ljava/lang/Object;' witness='org/apache/ibatis/session/Configuration$StrictMap' stamp='36.851'/>
<dependency_failed type='unique_concrete_method_4' ctxk='java/util/concurrent/ConcurrentHashMap' x='java.util.concurrent.ConcurrentHashMap get (Ljava/lang/Object;)Ljava/lang/Object;' x2='java/util/concurrent/ConcurrentHashMap' x3='java.util.concurrent.ConcurrentHashMap get (Ljava/lang/Object;)Ljava/lang/Object;' witness='org/apache/ibatis/session/Configuration$StrictMap' stamp='36.851'/>
<dependency_failed type='unique_concrete_method_4' ctxk='java/util/concurrent/ConcurrentHashMap' x='java.util.concurrent.ConcurrentHashMap get (Ljava/lang/Object;)Ljava/lang/Object;' x2='java/util/concurrent/ConcurrentHashMap' x3='java.util.concurrent.ConcurrentHashMap get (Ljava/lang/Object;)Ljava/lang/Object;' witness='org/apache/ibatis/session/Configuration$StrictMap' stamp='36.851'/>
<dependency_failed type='unique_concrete_method_4' ctxk='java/util/concurrent/ConcurrentHashMap' x='java.util.concurrent.ConcurrentHashMap get (Ljava/lang/Object;)Ljava/lang/Object;' x2='java/util/concurrent/ConcurrentHashMap' x3='java.util.concurrent.ConcurrentHashMap get (Ljava/lang/Object;)Ljava/lang/Object;' witness='org/apache/ibatis/session/Configuration$StrictMap' stamp='36.851'/>
<dependency_failed type='unique_concrete_method_4' ctxk='java/util/concurrent/ConcurrentHashMap' x='java.util.concurrent.ConcurrentHashMap containsKey (Ljava/lang/Object;)Z' x2='java/util/concurrent/ConcurrentHashMap' x3='java.util.concurrent.ConcurrentHashMap containsKey (Ljava/lang/Object;)Z' witness='org/apache/ibatis/session/Configuration$StrictMap' stamp='36.851'/>
<dependency_failed type='unique_concrete_method_4' ctxk='java/util/concurrent/ConcurrentHashMap' x='java.util.concurrent.ConcurrentHashMap get (Ljava/lang/Object;)Ljava/lang/Object;' x2='java/util/concurrent/ConcurrentHashMap' x3='java.util.concurrent.ConcurrentHashMap get (Ljava/lang/Object;)Ljava/lang/Object;' witness='org/apache/ibatis/session/Configuration$StrictMap' stamp='36.851'/>
<dependency_failed type='unique_concrete_method_4' ctxk='java/util/concurrent/ConcurrentHashMap' x='java.util.concurrent.ConcurrentHashMap containsKey (Ljava/lang/Object;)Z' x2='java/util/concurrent/ConcurrentHashMap' x3='java.util.concurrent.ConcurrentHashMap containsKey (Ljava/lang/Object;)Z' witness='org/apache/ibatis/session/Configuration$StrictMap' stamp='36.851'/>
<dependency_failed type='unique_concrete_method_4' ctxk='java/util/concurrent/ConcurrentHashMap' x='java.util.concurrent.ConcurrentHashMap get (Ljava/lang/Object;)Ljava/lang/Object;' x2='java/util/concurrent/ConcurrentHashMap' x3='java.util.concurrent.ConcurrentHashMap get (Ljava/lang/Object;)Ljava/lang/Object;' witness='org/apache/ibatis/session/Configuration$StrictMap' stamp='36.851'/>
<dependency_failed type='unique_concrete_method_4' ctxk='java/util/concurrent/ConcurrentHashMap' x='java.util.concurrent.ConcurrentHashMap get (Ljava/lang/Object;)Ljava/lang/Object;' x2='java/util/concurrent/ConcurrentHashMap' x3='java.util.concurrent.ConcurrentHashMap get (Ljava/lang/Object;)Ljava/lang/Object;' witness='org/apache/ibatis/session/Configuration$StrictMap' stamp='36.851'/>
<dependency_failed type='unique_concrete_method_4' ctxk='java/util/concurrent/ConcurrentHashMap' x='java.util.concurrent.ConcurrentHashMap put (Ljava/lang/Object;Ljava/lang/Object;)Ljava/lang/Object;' x2='java/util/concurrent/ConcurrentHashMap' x3='java.util.concurrent.ConcurrentHashMap put (Ljava/lang/Object;Ljava/lang/Object;)Ljava/lang/Object;' witness='org/apache/ibatis/session/Configuration$StrictMap' stamp='36.851'/>
<dependency_failed type='unique_concrete_method_4' ctxk='java/util/concurrent/ConcurrentHashMap' x='java.util.concurrent.ConcurrentHashMap get (Ljava/lang/Object;)Ljava/lang/Object;' x2='java/util/Map' x3='java.util.Map get (Ljava/lang/Object;)Ljava/lang/Object;' witness='org/apache/ibatis/session/Configuration$StrictMap' stamp='36.852'/>
<dependency_failed type='unique_concrete_method_4' ctxk='java/util/concurrent/ConcurrentHashMap' x='java.util.concurrent.ConcurrentHashMap get (Ljava/lang/Object;)Ljava/lang/Object;' x2='java/util/Map' x3='java.util.Map get (Ljava/lang/Object;)Ljava/lang/Object;' witness='org/apache/ibatis/session/Configuration$StrictMap' stamp='36.852'/>
<dependency_failed type='unique_concrete_method_4' ctxk='java/util/concurrent/ConcurrentHashMap' x='java.util.concurrent.ConcurrentHashMap get (Ljava/lang/Object;)Ljava/lang/Object;' x2='java/util/concurrent/ConcurrentHashMap' x3='java.util.concurrent.ConcurrentHashMap get (Ljava/lang/Object;)Ljava/lang/Object;' witness='org/apache/ibatis/session/Configuration$StrictMap' stamp='36.852'/>
<dependency_failed type='unique_concrete_method_4' ctxk='com/google/common/base/Joiner' x='com.google.common.base.Joiner toString (Ljava/lang/Object;)Ljava/lang/CharSequence;' x2='com/google/common/base/Joiner' x3='com.google.common.base.Joiner toString (Ljava/lang/Object;)Ljava/lang/CharSequence;' witness='com/google/common/base/Joiner$1' stamp='37.006'/>
<writer thread='183'/>
<dependency_failed type='abstract_with_unique_concrete_subtype' ctxk='java/nio/LongBuffer' x='java/nio/DirectLongBufferU' witness='java/nio/ByteBufferAsLongBufferB' stamp='37.108'/>
<dependency_failed type='abstract_with_unique_concrete_subtype' ctxk='java/nio/LongBuffer' x='java/nio/DirectLongBufferU' witness='java/nio/ByteBufferAsLongBufferB' stamp='37.108'/>
<dependency_failed type='unique_concrete_method_4' ctxk='org/h2/mvstore/MVMap$DecisionMaker' x='org.h2.mvstore.MVMap$DecisionMaker decide (Ljava/lang/Object;Ljava/lang/Object;Lorg/h2/mvstore/CursorPos;)Lorg/h2/mvstore/MVMap$Decision;' x2='org/h2/mvstore/MVMap$DecisionMaker' x3='org.h2.mvstore.MVMap$DecisionMaker decide (Ljava/lang/Object;Ljava/lang/Object;Lorg/h2/mvstore/CursorPos;)Lorg/h2/mvstore/MVMap$Decision;' witness='org/h2/mvstore/MVMap$RewriteDecisionMaker' stamp='37.110'/>
<writer thread='171'/>
<dependency_failed type='unique_concrete_method_4' ctxk='org/xml/sax/XMLReader' x='com.sun.org.apache.xerces.internal.parsers.AbstractSAXParser setContentHandler (Lorg/xml/sax/ContentHandler;)V' x2='org/xml/sax/XMLReader' x3='org.xml.sax.XMLReader setContentHandler (Lorg/xml/sax/ContentHandler;)V' witness='org/xml/sax/XMLReader' stamp='38.703'/>
<writer thread='173'/>
<dependency_failed type='unique_concrete_method_4' ctxk='org/h2/command/ddl/CommandWithColumns' x='org.h2.command.ddl.CreateTable addColumn (Lorg/h2/table/Column;)V' x2='org/h2/command/ddl/CommandWithColumns' x3='org.h2.command.ddl.CommandWithColumns addColumn (Lorg/h2/table/Column;)V' witness='org/h2/command/ddl/AlterTableAlterColumn' stamp='39.496'/>
<dependency_failed type='unique_concrete_method_4' ctxk='org/h2/command/Prepared' x='org.h2.command.Prepared collectDependencies (Ljava/util/HashSet;)V' x2='org/h2/command/Prepared' x3='org.h2.command.Prepared collectDependencies (Ljava/util/HashSet;)V' witness='org/h2/command/query/Select' stamp='45.389'/>
<dependency_failed type='unique_concrete_method_4' ctxk='org/apache/ibatis/reflection/wrapper/ObjectWrapper' x='org.apache.ibatis.reflection.wrapper.MapWrapper hasGetter (Ljava/lang/String;)Z' x2='org/apache/ibatis/reflection/wrapper/ObjectWrapper' x3='org.apache.ibatis.reflection.wrapper.ObjectWrapper hasGetter (Ljava/lang/String;)Z' witness='org/apache/ibatis/reflection/wrapper/BeanWrapper' stamp='45.456'/>
<dependency_failed type='unique_concrete_method_4' ctxk='org/apache/ibatis/reflection/wrapper/ObjectWrapper' x='org.apache.ibatis.reflection.wrapper.MapWrapper hasGetter (Ljava/lang/String;)Z' x2='org/apache/ibatis/reflection/wrapper/ObjectWrapper' x3='org.apache.ibatis.reflection.wrapper.ObjectWrapper hasGetter (Ljava/lang/String;)Z' witness='org/apache/ibatis/reflection/wrapper/BeanWrapper' stamp='45.456'/>
<dependency_failed type='unique_concrete_method_4' ctxk='org/h2/table/Table' x='org.h2.schema.SchemaObject getSQL (Ljava/lang/StringBuilder;I)Ljava/lang/StringBuilder;' x2='org/h2/schema/SchemaObject' x3='org.h2.schema.SchemaObject getSQL (Ljava/lang/StringBuilder;I)Ljava/lang/StringBuilder;' witness='org/h2/table/DualTable' stamp='46.510'/>
<dependency_failed type='unique_concrete_method_4' ctxk='org/h2/table/Table' x='org.h2.schema.SchemaObject getSQL (Ljava/lang/StringBuilder;I)Ljava/lang/StringBuilder;' x2='org/h2/table/Table' x3='org.h2.schema.SchemaObject getSQL (Ljava/lang/StringBuilder;I)Ljava/lang/StringBuilder;' witness='org/h2/table/DualTable' stamp='46.510'/>
<dependency_failed type='unique_concrete_method_4' ctxk='org/h2/table/Table' x='org.h2.schema.SchemaObject getSQL (Ljava/lang/StringBuilder;I)Ljava/lang/StringBuilder;' x2='org/h2/schema/SchemaObject' x3='org.h2.schema.SchemaObject getSQL (Ljava/lang/StringBuilder;I)Ljava/lang/StringBuilder;' witness='org/h2/table/DualTable' stamp='46.510'/>
<dependency_failed type='unique_concrete_method_4' ctxk='org/h2/table/Table' x='org.h2.schema.SchemaObject getSQL (Ljava/lang/StringBuilder;I)Ljava/lang/StringBuilder;' x2='org/h2/table/Table' x3='org.h2.schema.SchemaObject getSQL (Ljava/lang/StringBuilder;I)Ljava/lang/StringBuilder;' witness='org/h2/table/DualTable' stamp='46.510'/>
<dependency_failed type='unique_concrete_method_4' ctxk='org/h2/schema/SchemaObject' x='org.h2.schema.SchemaObject getSQL (Ljava/lang/StringBuilder;I)Ljava/lang/StringBuilder;' x2='org/h2/schema/SchemaObject' x3='org.h2.schema.SchemaObject getSQL (Ljava/lang/StringBuilder;I)Ljava/lang/StringBuilder;' witness='org/h2/table/DualTable' stamp='46.510'/>
<dependency_failed type='unique_concrete_method_4' ctxk='org/h2/value/Value' x='org.h2.value.Value compareWithNull (Lorg/h2/value/Value;ZLorg/h2/engine/CastDataProvider;Lorg/h2/value/CompareMode;)I' x2='org/h2/value/Value' x3='org.h2.value.Value compareWithNull (Lorg/h2/value/Value;ZLorg/h2/engine/CastDataProvider;Lorg/h2/value/CompareMode;)I' witness='org/h2/value/ValueRow' stamp='46.604'/>
<writer thread='198'/>
<dependency_failed type='abstract_with_unique_concrete_subtype' ctxk='java/util/TreeMap$NavigableSubMap$SubMapIterator' x='java/util/TreeMap$NavigableSubMap$SubMapKeyIterator' witness='java/util/TreeMap$NavigableSubMap$SubMapEntryIterator' stamp='47.163'/>
<dependency_failed type='abstract_with_unique_concrete_subtype' ctxk='java/util/TreeMap$NavigableSubMap$SubMapIterator' x='java/util/TreeMap$NavigableSubMap$SubMapKeyIterator' witness='java/util/TreeMap$NavigableSubMap$SubMapEntryIterator' stamp='47.163'/>
<dependency_failed type='abstract_with_unique_concrete_subtype' ctxk='java/util/TreeMap$NavigableSubMap$SubMapIterator' x='java/util/TreeMap$NavigableSubMap$SubMapKeyIterator' witness='java/util/TreeMap$NavigableSubMap$SubMapEntryIterator' stamp='47.163'/>
<writer thread='173'/>
<dependency_failed type='unique_concrete_method_4' ctxk='org/h2/command/Prepared' x='org.h2.command.Prepared setCommand (Lorg/h2/command/Command;)V' x2='org/h2/command/Prepared' x3='org.h2.command.Prepared setCommand (Lorg/h2/command/Command;)V' witness='org/h2/command/dml/Merge' stamp='47.216'/>
<dependency_failed type='unique_concrete_method_4' ctxk='org/h2/value/VersionedValue' x='org.h2.value.VersionedValue getOperationId ()J' x2='org/h2/value/VersionedValue' x3='org.h2.value.VersionedValue getOperationId ()J' witness='org/h2/mvstore/tx/VersionedValueUncommitted' stamp='47.237'/>
<dependency_failed type='unique_concrete_method_4' ctxk='org/h2/value/VersionedValue' x='org.h2.value.VersionedValue getOperationId ()J' x2='org/h2/value/VersionedValue' x3='org.h2.value.VersionedValue getOperationId ()J' witness='org/h2/mvstore/tx/VersionedValueUncommitted' stamp='47.237'/>
<dependency_failed type='unique_concrete_method_4' ctxk='org/h2/value/VersionedValue' x='org.h2.value.VersionedValue getOperationId ()J' x2='org/h2/value/VersionedValue' x3='org.h2.value.VersionedValue getOperationId ()J' witness='org/h2/mvstore/tx/VersionedValueUncommitted' stamp='47.237'/>
<dependency_failed type='unique_concrete_method_4' ctxk='org/h2/value/VersionedValue' x='org.h2.value.VersionedValue getOperationId ()J' x2='org/h2/value/VersionedValue' x3='org.h2.value.VersionedValue getOperationId ()J' witness='org/h2/mvstore/tx/VersionedValueUncommitted' stamp='47.237'/>
<dependency_failed type='unique_concrete_method_4' ctxk='org/h2/mvstore/tx/TransactionMap$TMIterator' x='org.h2.mvstore.tx.TransactionMap$CommittedIterator fetchNext ()Ljava/lang/Object;' x2='org/h2/mvstore/tx/TransactionMap$TMIterator' x3='org.h2.mvstore.tx.TransactionMap$TMIterator fetchNext ()Ljava/lang/Object;' witness='org/h2/mvstore/tx/TransactionMap$UncommittedIterator' stamp='47.240'/>
<dependency_failed type='unique_concrete_method_4' ctxk='java/nio/CharBuffer' x='java.nio.HeapCharBuffer put (Ljava/lang/String;II)Ljava/nio/CharBuffer;' x2='java/nio/CharBuffer' x3='java.nio.CharBuffer put (Ljava/lang/String;II)Ljava/nio/CharBuffer;' witness='java/nio/StringCharBuffer' stamp='48.687'/>
<dependency_failed type='leaf_type' ctxk='org/jboss/resteasy/core/providerfactory/SortedKey' witness='org/jboss/resteasy/core/providerfactory/ExtSortedKey' stamp='49.132'/>
<dependency_failed type='unique_concrete_method_4' ctxk='jakarta/ws/rs/ext/RuntimeDelegate' x='org.jboss.resteasy.core.providerfactory.ResteasyProviderFactoryImpl createHeaderDelegate (Ljava/lang/Class;)Ljakarta/ws/rs/ext/RuntimeDelegate$HeaderDelegate;' x2='jakarta/ws/rs/ext/RuntimeDelegate' x3='jakarta.ws.rs.ext.RuntimeDelegate createHeaderDelegate (Ljava/lang/Class;)Ljakarta/ws/rs/ext/RuntimeDelegate$HeaderDelegate;' witness='org/jboss/resteasy/core/ThreadLocalResteasyProviderFactory' stamp='49.231'/>
<dependency_failed type='unique_concrete_method_4' ctxk='org/jboss/resteasy/core/interception/jaxrs/JaxrsInterceptorRegistryImpl$AbstractInterceptorFactory' x='org.jboss.resteasy.core.interception.jaxrs.JaxrsInterceptorRegistryImpl$OnDemandInterceptorFactory getInterceptor ()Ljava/lang/Object;' x2='org/jboss/resteasy/core/interception/jaxrs/JaxrsInterceptorRegistryImpl$AbstractInterceptorFactory' x3='org.jboss.resteasy.core.interception.jaxrs.JaxrsInterceptorRegistryImpl$AbstractInterceptorFactory getInterceptor ()Ljava/lang/Object;' witness='org/jboss/resteasy/core/interception/jaxrs/JaxrsInterceptorRegistryImpl$SingletonInterceptorFactory' stamp='49.677'/>
<writer thread='174'/>
<dependency_failed type='unique_concrete_method_4' ctxk='sun/nio/ch/Interruptible' x='java.nio.channels.spi.AbstractInterruptibleChannel$1 interrupt (Ljava/lang/Thread;)V' x2='sun/nio/ch/Interruptible' x3='sun.nio.ch.Interruptible interrupt (Ljava/lang/Thread;)V' witness='sun/nio/ch/Interruptible' stamp='49.924'/>
<writer thread='178'/>
<dependency_failed type='leaf_type' ctxk='java/nio/HeapByteBuffer' witness='java/nio/HeapByteBufferR' stamp='50.151'/>
<dependency_failed type='leaf_type' ctxk='java/nio/HeapByteBuffer' witness='java/nio/HeapByteBufferR' stamp='50.151'/>
<dependency_failed type='leaf_type' ctxk='java/nio/HeapByteBuffer' witness='java/nio/HeapByteBufferR' stamp='50.151'/>
<dependency_failed type='unique_concrete_method_4' ctxk='java/nio/HeapByteBuffer' x='java.nio.HeapByteBuffer put (ILjava/nio/ByteBuffer;II)Ljava/nio/ByteBuffer;' x2='java/nio/ByteBuffer' x3='java.nio.ByteBuffer put (ILjava/nio/ByteBuffer;II)Ljava/nio/ByteBuffer;' witness='java/nio/HeapByteBufferR' stamp='50.159'/>
<dependency_failed type='unique_concrete_method_4' ctxk='java/nio/HeapByteBuffer' x='java.nio.HeapByteBuffer put (ILjava/nio/ByteBuffer;II)Ljava/nio/ByteBuffer;' x2='java/nio/ByteBuffer' x3='java.nio.ByteBuffer put (ILjava/nio/ByteBuffer;II)Ljava/nio/ByteBuffer;' witness='java/nio/HeapByteBufferR' stamp='50.159'/>
<dependency_failed type='unique_concrete_method_4' ctxk='java/nio/HeapByteBuffer' x='java.nio.HeapByteBuffer isReadOnly ()Z' x2='java/nio/ByteBuffer' x3='java.nio.Buffer isReadOnly ()Z' witness='java/nio/HeapByteBufferR' stamp='50.159'/>
<dependency_failed type='unique_concrete_method_4' ctxk='java/nio/HeapByteBuffer' x='java.nio.HeapByteBuffer isReadOnly ()Z' x2='java/nio/ByteBuffer' x3='java.nio.Buffer isReadOnly ()Z' witness='java/nio/HeapByteBufferR' stamp='50.159'/>
<dependency_failed type='unique_concrete_method_4' ctxk='java/nio/HeapByteBuffer' x='java.nio.HeapByteBuffer put (ILjava/nio/ByteBuffer;II)Ljava/nio/ByteBuffer;' x2='java/nio/ByteBuffer' x3='java.nio.ByteBuffer put (ILjava/nio/ByteBuffer;II)Ljava/nio/ByteBuffer;' witness='java/nio/HeapByteBufferR' stamp='50.159'/>
<dependency_failed type='unique_concrete_method_4' ctxk='java/nio/HeapByteBuffer' x='java.nio.HeapByteBuffer isReadOnly ()Z' x2='java/nio/ByteBuffer' x3='java.nio.Buffer isReadOnly ()Z' witness='java/nio/HeapByteBufferR' stamp='50.159'/>
<dependency_failed type='unique_concrete_method_4' ctxk='java/nio/HeapByteBuffer' x='java.nio.HeapByteBuffer put (ILjava/nio/ByteBuffer;II)Ljava/nio/ByteBuffer;' x2='java/nio/ByteBuffer' x3='java.nio.ByteBuffer put (ILjava/nio/ByteBuffer;II)Ljava/nio/ByteBuffer;' witness='java/nio/HeapByteBufferR' stamp='50.159'/>
<dependency_failed type='unique_concrete_method_4' ctxk='java/nio/HeapByteBuffer' x='java.nio.HeapByteBuffer isReadOnly ()Z' x2='java/nio/ByteBuffer' x3='java.nio.Buffer isReadOnly ()Z' witness='java/nio/HeapByteBufferR' stamp='50.159'/>
<writer thread='142'/>
<dependency_failed type='unique_concrete_method_4' ctxk='com/fasterxml/jackson/databind/JavaType' x='com.fasterxml.jackson.databind.type.TypeBase getBindings ()Lcom/fasterxml/jackson/databind/type/TypeBindings;' x2='com/fasterxml/jackson/databind/JavaType' x3='com.fasterxml.jackson.databind.JavaType getBindings ()Lcom/fasterxml/jackson/databind/type/TypeBindings;' witness='com/fasterxml/jackson/databind/type/ResolvedRecursiveType' stamp='50.284'/>
<dependency_failed type='unique_concrete_method_4' ctxk='com/fasterxml/jackson/databind/JavaType' x='com.fasterxml.jackson.databind.type.TypeBase getSuperClass ()Lcom/fasterxml/jackson/databind/JavaType;' x2='com/fasterxml/jackson/databind/JavaType' x3='com.fasterxml.jackson.databind.JavaType getSuperClass ()Lcom/fasterxml/jackson/databind/JavaType;' witness='com/fasterxml/jackson/databind/type/ResolvedRecursiveType' stamp='50.284'/>
<dependency_failed type='unique_concrete_method_4' ctxk='com/fasterxml/jackson/databind/JavaType' x='com.fasterxml.jackson.databind.type.TypeBase getBindings ()Lcom/fasterxml/jackson/databind/type/TypeBindings;' x2='com/fasterxml/jackson/databind/JavaType' x3='com.fasterxml.jackson.databind.JavaType getBindings ()Lcom/fasterxml/jackson/databind/type/TypeBindings;' witness='com/fasterxml/jackson/databind/type/ResolvedRecursiveType' stamp='50.284'/>
<writer thread='179'/>
<dependency_failed type='abstract_with_unique_concrete_subtype' ctxk='java/net/JarURLConnection' x='org/springframework/boot/loader/net/protocol/jar/JarUrlConnection' witness='sun/net/www/protocol/jar/JarURLConnection' stamp='51.341'/>
<dependency_failed type='abstract_with_unique_concrete_subtype' ctxk='java/net/JarURLConnection' x='org/springframework/boot/loader/net/protocol/jar/JarUrlConnection' witness='sun/net/www/protocol/jar/JarURLConnection' stamp='51.341'/>
<dependency_failed type='abstract_with_unique_concrete_subtype' ctxk='java/net/JarURLConnection' x='org/springframework/boot/loader/net/protocol/jar/JarUrlConnection' witness='sun/net/www/protocol/jar/JarURLConnection' stamp='51.341'/>
<dependency_failed type='abstract_with_unique_concrete_subtype' ctxk='java/net/JarURLConnection' x='org/springframework/boot/loader/net/protocol/jar/JarUrlConnection' witness='sun/net/www/protocol/jar/JarURLConnection' stamp='51.341'/>
<dependency_failed type='abstract_with_unique_concrete_subtype' ctxk='java/net/JarURLConnection' x='org/springframework/boot/loader/net/protocol/jar/JarUrlConnection' witness='sun/net/www/protocol/jar/JarURLConnection' stamp='51.341'/>
<dependency_failed type='abstract_with_unique_concrete_subtype' ctxk='java/net/JarURLConnection' x='org/springframework/boot/loader/net/protocol/jar/JarUrlConnection' witness='sun/net/www/protocol/jar/JarURLConnection' stamp='51.341'/>
<dependency_failed type='abstract_with_unique_concrete_subtype' ctxk='java/net/JarURLConnection' x='org/springframework/boot/loader/net/protocol/jar/JarUrlConnection' witness='sun/net/www/protocol/jar/JarURLConnection' stamp='51.341'/>
<dependency_failed type='abstract_with_unique_concrete_subtype' ctxk='java/net/JarURLConnection' x='org/springframework/boot/loader/net/protocol/jar/JarUrlConnection' witness='sun/net/www/protocol/jar/JarURLConnection' stamp='51.341'/>
<dependency_failed type='abstract_with_unique_concrete_subtype' ctxk='java/net/JarURLConnection' x='org/springframework/boot/loader/net/protocol/jar/JarUrlConnection' witness='sun/net/www/protocol/jar/JarURLConnection' stamp='51.341'/>
<dependency_failed type='abstract_with_unique_concrete_subtype' ctxk='java/net/JarURLConnection' x='org/springframework/boot/loader/net/protocol/jar/JarUrlConnection' witness='sun/net/www/protocol/jar/JarURLConnection' stamp='51.341'/>
<dependency_failed type='abstract_with_unique_concrete_subtype' ctxk='java/net/JarURLConnection' x='org/springframework/boot/loader/net/protocol/jar/JarUrlConnection' witness='sun/net/www/protocol/jar/JarURLConnection' stamp='51.341'/>
<dependency_failed type='abstract_with_unique_concrete_subtype' ctxk='java/net/JarURLConnection' x='org/springframework/boot/loader/net/protocol/jar/JarUrlConnection' witness='sun/net/www/protocol/jar/JarURLConnection' stamp='51.341'/>
<dependency_failed type='abstract_with_unique_concrete_subtype' ctxk='java/net/JarURLConnection' x='org/springframework/boot/loader/net/protocol/jar/JarUrlConnection' witness='sun/net/www/protocol/jar/JarURLConnection' stamp='51.341'/>
<dependency_failed type='abstract_with_unique_concrete_subtype' ctxk='java/net/JarURLConnection' x='org/springframework/boot/loader/net/protocol/jar/JarUrlConnection' witness='sun/net/www/protocol/jar/JarURLConnection' stamp='51.341'/>
<dependency_failed type='unique_concrete_method_4' ctxk='java/net/JarURLConnection' x='org.springframework.boot.loader.net.protocol.jar.JarUrlConnection getJarFile ()Ljava/util/jar/JarFile;' x2='java/net/JarURLConnection' x3='java.net.JarURLConnection getJarFile ()Ljava/util/jar/JarFile;' witness='sun/net/www/protocol/jar/JarURLConnection' stamp='51.408'/>
<writer thread='175'/>
<dependency_failed type='unique_concrete_method_4' ctxk='org/jboss/resteasy/spi/ResourceInvoker' x='org.jboss.resteasy.core.ResourceMethodInvoker setMethodStatisticsLogger (Lorg/jboss/resteasy/spi/statistics/MethodStatisticsLogger;)V' x2='org/jboss/resteasy/spi/ResourceInvoker' x3='org.jboss.resteasy.spi.ResourceInvoker setMethodStatisticsLogger (Lorg/jboss/resteasy/spi/statistics/MethodStatisticsLogger;)V' witness='org/jboss/resteasy/spi/ResourceInvoker' stamp='51.692'/>
<dependency_failed type='leaf_type' ctxk='jakarta/ws/rs/core/MediaType' witness='org/jboss/resteasy/util/WeightedMediaType' stamp='51.716'/>
<dependency_failed type='leaf_type' ctxk='jakarta/ws/rs/core/MediaType' witness='org/jboss/resteasy/util/WeightedMediaType' stamp='51.716'/>
<dependency_failed type='leaf_type' ctxk='jakarta/ws/rs/core/MediaType' witness='org/jboss/resteasy/util/WeightedMediaType' stamp='51.716'/>
<dependency_failed type='leaf_type' ctxk='jakarta/ws/rs/core/MediaType' witness='org/jboss/resteasy/util/WeightedMediaType' stamp='51.716'/>
<dependency_failed type='leaf_type' ctxk='jakarta/ws/rs/core/MediaType' witness='org/jboss/resteasy/util/WeightedMediaType' stamp='51.716'/>
<dependency_failed type='leaf_type' ctxk='jakarta/ws/rs/core/MediaType' witness='org/jboss/resteasy/util/WeightedMediaType' stamp='51.716'/>
<dependency_failed type='leaf_type' ctxk='jakarta/ws/rs/core/MediaType' witness='org/jboss/resteasy/util/WeightedMediaType' stamp='51.716'/>
<dependency_failed type='leaf_type' ctxk='jakarta/ws/rs/core/MediaType' witness='org/jboss/resteasy/util/WeightedMediaType' stamp='51.716'/>
<dependency_failed type='leaf_type' ctxk='jakarta/ws/rs/core/MediaType' witness='org/jboss/resteasy/util/WeightedMediaType' stamp='51.716'/>
<dependency_failed type='leaf_type' ctxk='jakarta/ws/rs/core/MediaType' witness='org/jboss/resteasy/util/WeightedMediaType' stamp='51.716'/>
<dependency_failed type='leaf_type' ctxk='jakarta/ws/rs/core/MediaType' witness='org/jboss/resteasy/util/WeightedMediaType' stamp='51.716'/>
<dependency_failed type='leaf_type' ctxk='jakarta/ws/rs/core/MediaType' witness='org/jboss/resteasy/util/WeightedMediaType' stamp='51.716'/>
<dependency_failed type='unique_concrete_method_4' ctxk='jakarta/ws/rs/Produces' x='jdk.proxy2.$Proxy102 value ()[Ljava/lang/String;' x2='jakarta/ws/rs/Produces' x3='jakarta.ws.rs.Produces value ()[Ljava/lang/String;' witness='jakarta/ws/rs/Produces' stamp='52.173'/>
<writer thread='199'/>
<dependency_failed type='unique_concrete_method_4' ctxk='org/h2/result/ResultWithGeneratedKeys' x='org.h2.result.ResultWithGeneratedKeys getGeneratedKeys ()Lorg/h2/result/ResultInterface;' x2='org/h2/result/ResultWithGeneratedKeys' x3='org.h2.result.ResultWithGeneratedKeys getGeneratedKeys ()Lorg/h2/result/ResultInterface;' witness='org/h2/result/ResultWithGeneratedKeys$WithKeys' stamp='52.256'/>
<writer thread='179'/>
<dependency_failed type='unique_concrete_method_4' ctxk='java/io/ByteArrayOutputStream' x='java.io.ByteArrayOutputStream close ()V' x2='java/io/ByteArrayOutputStream' x3='java.io.ByteArrayOutputStream close ()V' witness='sun/security/ssl/SSLSocketOutputRecord' stamp='52.938'/>
<dependency_failed type='unique_concrete_method_4' ctxk='java/io/ByteArrayOutputStream' x='java.io.ByteArrayOutputStream close ()V' x2='java/io/ByteArrayOutputStream' x3='java.io.ByteArrayOutputStream close ()V' witness='sun/security/ssl/SSLSocketOutputRecord' stamp='52.938'/>
<dependency_failed type='unique_concrete_method_4' ctxk='java/security/AlgorithmParametersSpi' x='sun.security.util.ECParameters engineToString ()Ljava/lang/String;' x2='java/security/AlgorithmParametersSpi' x3='java.security.AlgorithmParametersSpi engineToString ()Ljava/lang/String;' witness='com/sun/crypto/provider/DHParameters' stamp='53.100'/>
<dependency_failed type='unique_concrete_method_4' ctxk='java/io/ByteArrayOutputStream' x='java.io.ByteArrayOutputStream write ([BII)V' x2='java/io/ByteArrayOutputStream' x3='java.io.ByteArrayOutputStream write ([BII)V' witness='sun/security/ssl/HandshakeOutStream' stamp='53.485'/>
<dependency_failed type='unique_concrete_method_4' ctxk='java/io/ByteArrayOutputStream' x='java.io.ByteArrayOutputStream write ([BII)V' x2='java/io/ByteArrayOutputStream' x3='java.io.ByteArrayOutputStream write ([BII)V' witness='sun/security/ssl/HandshakeOutStream' stamp='53.485'/>
<dependency_failed type='unique_concrete_method_4' ctxk='java/io/ByteArrayOutputStream' x='java.io.ByteArrayOutputStream write ([BII)V' x2='java/io/ByteArrayOutputStream' x3='java.io.ByteArrayOutputStream write ([BII)V' witness='sun/security/ssl/HandshakeOutStream' stamp='53.485'/>
<dependency_failed type='unique_concrete_method_4' ctxk='com/google/gson/internal/bind/SerializationDelegatingTypeAdapter' x='com.google.gson.Gson$FutureTypeAdapter getSerializationDelegate ()Lcom/google/gson/TypeAdapter;' x2='com/google/gson/internal/bind/SerializationDelegatingTypeAdapter' x3='com.google.gson.internal.bind.SerializationDelegatingTypeAdapter getSerializationDelegate ()Lcom/google/gson/TypeAdapter;' witness='com/google/gson/internal/bind/TreeTypeAdapter' stamp='55.668'/>
<writer thread='188'/>
<dependency_failed type='unique_concrete_method_4' ctxk='com/google/common/util/concurrent/AbstractFuture' x='com.google.common.util.concurrent.AbstractFuture afterDone ()V' x2='com/google/common/util/concurrent/AbstractFuture' x3='com.google.common.util.concurrent.AbstractFuture afterDone ()V' witness='com/google/common/util/concurrent/AbstractTransformFuture$TransformFuture' stamp='62.348'/>
<writer thread='142'/>
<dependency_failed type='unique_concrete_method_4' ctxk='io/swagger/v3/oas/annotations/media/Schema' x='jdk.proxy2.$Proxy93 hidden ()Z' x2='io/swagger/v3/oas/annotations/media/Schema' x3='io.swagger.v3.oas.annotations.media.Schema hidden ()Z' witness='io/swagger/v3/oas/annotations/media/Schema' stamp='89.132'/>
<dependency_failed type='unique_concrete_method_4' ctxk='io/swagger/v3/oas/annotations/media/Schema' x='jdk.proxy2.$Proxy93 hidden ()Z' x2='io/swagger/v3/oas/annotations/media/Schema' x3='io.swagger.v3.oas.annotations.media.Schema hidden ()Z' witness='io/swagger/v3/oas/annotations/media/Schema' stamp='89.132'/>
<dependency_failed type='unique_concrete_method_4' ctxk='io/swagger/v3/oas/annotations/media/Schema' x='jdk.proxy2.$Proxy93 accessMode ()Lio/swagger/v3/oas/annotations/media/Schema$AccessMode;' x2='io/swagger/v3/oas/annotations/media/Schema' x3='io.swagger.v3.oas.annotations.media.Schema accessMode ()Lio/swagger/v3/oas/annotations/media/Schema$AccessMode;' witness='io/swagger/v3/oas/annotations/media/Schema' stamp='89.132'/>
<dependency_failed type='unique_concrete_method_4' ctxk='io/swagger/v3/oas/annotations/media/Schema' x='jdk.proxy2.$Proxy93 oneOf ()[Ljava/lang/Class;' x2='io/swagger/v3/oas/annotations/media/Schema' x3='io.swagger.v3.oas.annotations.media.Schema oneOf ()[Ljava/lang/Class;' witness='io/swagger/v3/oas/annotations/media/Schema' stamp='89.132'/>
<dependency_failed type='unique_concrete_method_4' ctxk='io/swagger/v3/oas/annotations/media/Schema' x='jdk.proxy2.$Proxy93 extensions ()[Lio/swagger/v3/oas/annotations/extensions/Extension;' x2='io/swagger/v3/oas/annotations/media/Schema' x3='io.swagger.v3.oas.annotations.media.Schema extensions ()[Lio/swagger/v3/oas/annotations/extensions/Extension;' witness='io/swagger/v3/oas/annotations/media/Schema' stamp='89.132'/>
<dependency_failed type='unique_concrete_method_4' ctxk='io/swagger/v3/oas/annotations/media/Schema' x='jdk.proxy2.$Proxy93 accessMode ()Lio/swagger/v3/oas/annotations/media/Schema$AccessMode;' x2='io/swagger/v3/oas/annotations/media/Schema' x3='io.swagger.v3.oas.annotations.media.Schema accessMode ()Lio/swagger/v3/oas/annotations/media/Schema$AccessMode;' witness='io/swagger/v3/oas/annotations/media/Schema' stamp='89.132'/>
<dependency_failed type='unique_concrete_method_4' ctxk='io/swagger/v3/oas/annotations/media/Schema' x='jdk.proxy2.$Proxy93 requiredProperties ()[Ljava/lang/String;' x2='io/swagger/v3/oas/annotations/media/Schema' x3='io.swagger.v3.oas.annotations.media.Schema requiredProperties ()[Ljava/lang/String;' witness='io/swagger/v3/oas/annotations/media/Schema' stamp='89.132'/>
<dependency_failed type='unique_concrete_method_4' ctxk='io/swagger/v3/oas/annotations/media/Schema' x='jdk.proxy2.$Proxy93 maximum ()Ljava/lang/String;' x2='io/swagger/v3/oas/annotations/media/Schema' x3='io.swagger.v3.oas.annotations.media.Schema maximum ()Ljava/lang/String;' witness='io/swagger/v3/oas/annotations/media/Schema' stamp='89.132'/>
<dependency_failed type='unique_concrete_method_4' ctxk='io/swagger/v3/oas/annotations/media/Schema' x='jdk.proxy2.$Proxy93 minimum ()Ljava/lang/String;' x2='io/swagger/v3/oas/annotations/media/Schema' x3='io.swagger.v3.oas.annotations.media.Schema minimum ()Ljava/lang/String;' witness='io/swagger/v3/oas/annotations/media/Schema' stamp='89.132'/>
<dependency_failed type='unique_concrete_method_4' ctxk='io/swagger/v3/oas/annotations/media/Schema' x='jdk.proxy2.$Proxy93 maxLength ()I' x2='io/swagger/v3/oas/annotations/media/Schema' x3='io.swagger.v3.oas.annotations.media.Schema maxLength ()I' witness='io/swagger/v3/oas/annotations/media/Schema' stamp='89.132'/>
<dependency_failed type='unique_concrete_method_4' ctxk='io/swagger/v3/oas/annotations/media/Schema' x='jdk.proxy2.$Proxy93 externalDocs ()Lio/swagger/v3/oas/annotations/ExternalDocumentation;' x2='io/swagger/v3/oas/annotations/media/Schema' x3='io.swagger.v3.oas.annotations.media.Schema externalDocs ()Lio/swagger/v3/oas/annotations/ExternalDocumentation;' witness='io/swagger/v3/oas/annotations/media/Schema' stamp='89.132'/>
<dependency_failed type='unique_concrete_method_4' ctxk='io/swagger/v3/oas/annotations/media/Schema' x='jdk.proxy2.$Proxy93 accessMode ()Lio/swagger/v3/oas/annotations/media/Schema$AccessMode;' x2='io/swagger/v3/oas/annotations/media/Schema' x3='io.swagger.v3.oas.annotations.media.Schema accessMode ()Lio/swagger/v3/oas/annotations/media/Schema$AccessMode;' witness='io/swagger/v3/oas/annotations/media/Schema' stamp='89.132'/>
<dependency_failed type='unique_concrete_method_4' ctxk='io/swagger/v3/oas/annotations/media/Schema' x='jdk.proxy2.$Proxy93 example ()Ljava/lang/String;' x2='io/swagger/v3/oas/annotations/media/Schema' x3='io.swagger.v3.oas.annotations.media.Schema example ()Ljava/lang/String;' witness='io/swagger/v3/oas/annotations/media/Schema' stamp='89.132'/>
<dependency_failed type='unique_concrete_method_4' ctxk='io/swagger/v3/oas/annotations/media/Schema' x='jdk.proxy2.$Proxy93 description ()Ljava/lang/String;' x2='io/swagger/v3/oas/annotations/media/Schema' x3='io.swagger.v3.oas.annotations.media.Schema description ()Ljava/lang/String;' witness='io/swagger/v3/oas/annotations/media/Schema' stamp='89.133'/>
<dependency_failed type='unique_concrete_method_4' ctxk='io/swagger/v3/oas/annotations/media/Schema' x='jdk.proxy2.$Proxy93 defaultValue ()Ljava/lang/String;' x2='io/swagger/v3/oas/annotations/media/Schema' x3='io.swagger.v3.oas.annotations.media.Schema defaultValue ()Ljava/lang/String;' witness='io/swagger/v3/oas/annotations/media/Schema' stamp='89.133'/>
<dependency_failed type='unique_concrete_method_4' ctxk='io/swagger/v3/oas/annotations/media/Schema' x='jdk.proxy2.$Proxy93 schemaResolution ()Lio/swagger/v3/oas/annotations/media/Schema$SchemaResolution;' x2='io/swagger/v3/oas/annotations/media/Schema' x3='io.swagger.v3.oas.annotations.media.Schema schemaResolution ()Lio/swagger/v3/oas/annotations/media/Schema$SchemaResolution;' witness='io/swagger/v3/oas/annotations/media/Schema' stamp='89.133'/>
<dependency_failed type='unique_concrete_method_4' ctxk='io/swagger/v3/oas/annotations/media/Schema' x='jdk.proxy2.$Proxy93 type ()Ljava/lang/String;' x2='io/swagger/v3/oas/annotations/media/Schema' x3='io.swagger.v3.oas.annotations.media.Schema type ()Ljava/lang/String;' witness='io/swagger/v3/oas/annotations/media/Schema' stamp='89.133'/>
<dependency_failed type='unique_concrete_method_4' ctxk='io/swagger/v3/oas/annotations/media/Schema' x='jdk.proxy2.$Proxy93 implementation ()Ljava/lang/Class;' x2='io/swagger/v3/oas/annotations/media/Schema' x3='io.swagger.v3.oas.annotations.media.Schema implementation ()Ljava/lang/Class;' witness='io/swagger/v3/oas/annotations/media/Schema' stamp='89.133'/>
<dependency_failed type='unique_concrete_method_4' ctxk='io/swagger/v3/oas/annotations/media/Schema' x='jdk.proxy2.$Proxy93 discriminatorProperty ()Ljava/lang/String;' x2='io/swagger/v3/oas/annotations/media/Schema' x3='io.swagger.v3.oas.annotations.media.Schema discriminatorProperty ()Ljava/lang/String;' witness='io/swagger/v3/oas/annotations/media/Schema' stamp='89.133'/>
<dependency_failed type='unique_concrete_method_4' ctxk='io/swagger/v3/oas/annotations/media/Schema' x='jdk.proxy2.$Proxy93 minLength ()I' x2='io/swagger/v3/oas/annotations/media/Schema' x3='io.swagger.v3.oas.annotations.media.Schema minLength ()I' witness='io/swagger/v3/oas/annotations/media/Schema' stamp='89.133'/>
<dependency_failed type='unique_concrete_method_4' ctxk='io/swagger/v3/oas/annotations/media/Schema' x='jdk.proxy2.$Proxy93 subTypes ()[Ljava/lang/Class;' x2='io/swagger/v3/oas/annotations/media/Schema' x3='io.swagger.v3.oas.annotations.media.Schema subTypes ()[Ljava/lang/Class;' witness='io/swagger/v3/oas/annotations/media/Schema' stamp='89.133'/>
<dependency_failed type='unique_concrete_method_4' ctxk='io/swagger/v3/oas/annotations/media/Schema' x='jdk.proxy2.$Proxy93 requiredMode ()Lio/swagger/v3/oas/annotations/media/Schema$RequiredMode;' x2='io/swagger/v3/oas/annotations/media/Schema' x3='io.swagger.v3.oas.annotations.media.Schema requiredMode ()Lio/swagger/v3/oas/annotations/media/Schema$RequiredMode;' witness='io/swagger/v3/oas/annotations/media/Schema' stamp='89.133'/>
<dependency_failed type='unique_concrete_method_4' ctxk='io/swagger/v3/oas/annotations/media/Schema' x='jdk.proxy2.$Proxy93 accessMode ()Lio/swagger/v3/oas/annotations/media/Schema$AccessMode;' x2='io/swagger/v3/oas/annotations/media/Schema' x3='io.swagger.v3.oas.annotations.media.Schema accessMode ()Lio/swagger/v3/oas/annotations/media/Schema$AccessMode;' witness='io/swagger/v3/oas/annotations/media/Schema' stamp='89.133'/>
<dependency_failed type='unique_concrete_method_4' ctxk='io/swagger/v3/oas/annotations/media/Schema' x='jdk.proxy2.$Proxy93 allOf ()[Ljava/lang/Class;' x2='io/swagger/v3/oas/annotations/media/Schema' x3='io.swagger.v3.oas.annotations.media.Schema allOf ()[Ljava/lang/Class;' witness='io/swagger/v3/oas/annotations/media/Schema' stamp='89.133'/>
<dependency_failed type='unique_concrete_method_4' ctxk='io/swagger/v3/oas/annotations/media/Schema' x='jdk.proxy2.$Proxy93 additionalProperties ()Lio/swagger/v3/oas/annotations/media/Schema$AdditionalPropertiesValue;' x2='io/swagger/v3/oas/annotations/media/Schema' x3='io.swagger.v3.oas.annotations.media.Schema additionalProperties ()Lio/swagger/v3/oas/annotations/media/Schema$AdditionalPropertiesValue;' witness='io/swagger/v3/oas/annotations/media/Schema' stamp='89.133'/>
<dependency_failed type='unique_concrete_method_4' ctxk='io/swagger/v3/oas/annotations/media/Schema' x='jdk.proxy2.$Proxy93 extensions ()[Lio/swagger/v3/oas/annotations/extensions/Extension;' x2='io/swagger/v3/oas/annotations/media/Schema' x3='io.swagger.v3.oas.annotations.media.Schema extensions ()[Lio/swagger/v3/oas/annotations/extensions/Extension;' witness='io/swagger/v3/oas/annotations/media/Schema' stamp='89.133'/>
<dependency_failed type='unique_concrete_method_4' ctxk='io/swagger/v3/oas/annotations/media/Schema' x='jdk.proxy2.$Proxy93 accessMode ()Lio/swagger/v3/oas/annotations/media/Schema$AccessMode;' x2='io/swagger/v3/oas/annotations/media/Schema' x3='io.swagger.v3.oas.annotations.media.Schema accessMode ()Lio/swagger/v3/oas/annotations/media/Schema$AccessMode;' witness='io/swagger/v3/oas/annotations/media/Schema' stamp='89.133'/>
<dependency_failed type='unique_concrete_method_4' ctxk='io/swagger/v3/oas/annotations/media/Schema' x='jdk.proxy2.$Proxy93 requiredProperties ()[Ljava/lang/String;' x2='io/swagger/v3/oas/annotations/media/Schema' x3='io.swagger.v3.oas.annotations.media.Schema requiredProperties ()[Ljava/lang/String;' witness='io/swagger/v3/oas/annotations/media/Schema' stamp='89.133'/>
<dependency_failed type='unique_concrete_method_4' ctxk='io/swagger/v3/oas/annotations/media/Schema' x='jdk.proxy2.$Proxy93 maximum ()Ljava/lang/String;' x2='io/swagger/v3/oas/annotations/media/Schema' x3='io.swagger.v3.oas.annotations.media.Schema maximum ()Ljava/lang/String;' witness='io/swagger/v3/oas/annotations/media/Schema' stamp='89.133'/>
<dependency_failed type='unique_concrete_method_4' ctxk='io/swagger/v3/oas/annotations/media/Schema' x='jdk.proxy2.$Proxy93 minimum ()Ljava/lang/String;' x2='io/swagger/v3/oas/annotations/media/Schema' x3='io.swagger.v3.oas.annotations.media.Schema minimum ()Ljava/lang/String;' witness='io/swagger/v3/oas/annotations/media/Schema' stamp='89.133'/>
<dependency_failed type='unique_concrete_method_4' ctxk='io/swagger/v3/oas/annotations/media/Schema' x='jdk.proxy2.$Proxy93 maxLength ()I' x2='io/swagger/v3/oas/annotations/media/Schema' x3='io.swagger.v3.oas.annotations.media.Schema maxLength ()I' witness='io/swagger/v3/oas/annotations/media/Schema' stamp='89.133'/>
<dependency_failed type='unique_concrete_method_4' ctxk='io/swagger/v3/oas/annotations/media/Schema' x='jdk.proxy2.$Proxy93 nullable ()Z' x2='io/swagger/v3/oas/annotations/media/Schema' x3='io.swagger.v3.oas.annotations.media.Schema nullable ()Z' witness='io/swagger/v3/oas/annotations/media/Schema' stamp='89.133'/>
<dependency_failed type='unique_concrete_method_4' ctxk='io/swagger/v3/oas/annotations/media/Schema' x='jdk.proxy2.$Proxy93 format ()Ljava/lang/String;' x2='io/swagger/v3/oas/annotations/media/Schema' x3='io.swagger.v3.oas.annotations.media.Schema format ()Ljava/lang/String;' witness='io/swagger/v3/oas/annotations/media/Schema' stamp='89.133'/>
<dependency_failed type='unique_concrete_method_4' ctxk='io/swagger/v3/oas/annotations/media/Schema' x='jdk.proxy2.$Proxy93 title ()Ljava/lang/String;' x2='io/swagger/v3/oas/annotations/media/Schema' x3='io.swagger.v3.oas.annotations.media.Schema title ()Ljava/lang/String;' witness='io/swagger/v3/oas/annotations/media/Schema' stamp='89.133'/>
<dependency_failed type='unique_concrete_method_4' ctxk='io/swagger/v3/oas/annotations/media/Schema' x='jdk.proxy2.$Proxy93 description ()Ljava/lang/String;' x2='io/swagger/v3/oas/annotations/media/Schema' x3='io.swagger.v3.oas.annotations.media.Schema description ()Ljava/lang/String;' witness='io/swagger/v3/oas/annotations/media/Schema' stamp='89.133'/>
<dependency_failed type='unique_concrete_method_4' ctxk='io/swagger/v3/oas/annotations/media/Schema' x='jdk.proxy2.$Proxy93 externalDocs ()Lio/swagger/v3/oas/annotations/ExternalDocumentation;' x2='io/swagger/v3/oas/annotations/media/Schema' x3='io.swagger.v3.oas.annotations.media.Schema externalDocs ()Lio/swagger/v3/oas/annotations/ExternalDocumentation;' witness='io/swagger/v3/oas/annotations/media/Schema' stamp='89.133'/>
<dependency_failed type='unique_concrete_method_4' ctxk='io/swagger/v3/oas/annotations/media/Schema' x='jdk.proxy2.$Proxy93 accessMode ()Lio/swagger/v3/oas/annotations/media/Schema$AccessMode;' x2='io/swagger/v3/oas/annotations/media/Schema' x3='io.swagger.v3.oas.annotations.media.Schema accessMode ()Lio/swagger/v3/oas/annotations/media/Schema$AccessMode;' witness='io/swagger/v3/oas/annotations/media/Schema' stamp='89.133'/>
<dependency_failed type='unique_concrete_method_4' ctxk='io/swagger/v3/oas/annotations/media/Schema' x='jdk.proxy2.$Proxy93 example ()Ljava/lang/String;' x2='io/swagger/v3/oas/annotations/media/Schema' x3='io.swagger.v3.oas.annotations.media.Schema example ()Ljava/lang/String;' witness='io/swagger/v3/oas/annotations/media/Schema' stamp='89.133'/>
<dependency_failed type='unique_concrete_method_4' ctxk='io/swagger/v3/oas/annotations/media/Schema' x='jdk.proxy2.$Proxy93 description ()Ljava/lang/String;' x2='io/swagger/v3/oas/annotations/media/Schema' x3='io.swagger.v3.oas.annotations.media.Schema description ()Ljava/lang/String;' witness='io/swagger/v3/oas/annotations/media/Schema' stamp='89.134'/>
<dependency_failed type='unique_concrete_method_4' ctxk='io/swagger/v3/oas/annotations/media/Schema' x='jdk.proxy2.$Proxy93 defaultValue ()Ljava/lang/String;' x2='io/swagger/v3/oas/annotations/media/Schema' x3='io.swagger.v3.oas.annotations.media.Schema defaultValue ()Ljava/lang/String;' witness='io/swagger/v3/oas/annotations/media/Schema' stamp='89.134'/>
<dependency_failed type='unique_concrete_method_4' ctxk='io/swagger/v3/oas/annotations/media/Schema' x='jdk.proxy2.$Proxy93 name ()Ljava/lang/String;' x2='io/swagger/v3/oas/annotations/media/Schema' x3='io.swagger.v3.oas.annotations.media.Schema name ()Ljava/lang/String;' witness='io/swagger/v3/oas/annotations/media/Schema' stamp='89.134'/>
<dependency_failed type='unique_concrete_method_4' ctxk='io/swagger/v3/oas/annotations/media/Schema' x='jdk.proxy2.$Proxy93 minLength ()I' x2='io/swagger/v3/oas/annotations/media/Schema' x3='io.swagger.v3.oas.annotations.media.Schema minLength ()I' witness='io/swagger/v3/oas/annotations/media/Schema' stamp='89.134'/>
<dependency_failed type='unique_concrete_method_4' ctxk='io/swagger/v3/oas/annotations/media/Schema' x='jdk.proxy2.$Proxy93 schemaResolution ()Lio/swagger/v3/oas/annotations/media/Schema$SchemaResolution;' x2='io/swagger/v3/oas/annotations/media/Schema' x3='io.swagger.v3.oas.annotations.media.Schema schemaResolution ()Lio/swagger/v3/oas/annotations/media/Schema$SchemaResolution;' witness='io/swagger/v3/oas/annotations/media/Schema' stamp='89.134'/>
<dependency_failed type='unique_concrete_method_4' ctxk='io/swagger/v3/oas/annotations/media/Schema' x='jdk.proxy2.$Proxy93 hidden ()Z' x2='io/swagger/v3/oas/annotations/media/Schema' x3='io.swagger.v3.oas.annotations.media.Schema hidden ()Z' witness='io/swagger/v3/oas/annotations/media/Schema' stamp='89.134'/>
<dependency_failed type='unique_concrete_method_4' ctxk='io/swagger/v3/oas/annotations/media/Schema' x='jdk.proxy2.$Proxy93 type ()Ljava/lang/String;' x2='io/swagger/v3/oas/annotations/media/Schema' x3='io.swagger.v3.oas.annotations.media.Schema type ()Ljava/lang/String;' witness='io/swagger/v3/oas/annotations/media/Schema' stamp='89.134'/>
<dependency_failed type='unique_concrete_method_4' ctxk='io/swagger/v3/oas/annotations/media/Schema' x='jdk.proxy2.$Proxy93 description ()Ljava/lang/String;' x2='io/swagger/v3/oas/annotations/media/Schema' x3='io.swagger.v3.oas.annotations.media.Schema description ()Ljava/lang/String;' witness='io/swagger/v3/oas/annotations/media/Schema' stamp='89.134'/>
<dependency_failed type='unique_concrete_method_4' ctxk='io/swagger/v3/oas/annotations/media/Schema' x='jdk.proxy2.$Proxy93 required ()Z' x2='io/swagger/v3/oas/annotations/media/Schema' x3='io.swagger.v3.oas.annotations.media.Schema required ()Z' witness='io/swagger/v3/oas/annotations/media/Schema' stamp='89.134'/>
<dependency_failed type='unique_concrete_method_4' ctxk='org/springframework/core/OrderComparator$OrderSourceProvider' x='org.springframework.beans.factory.support.DefaultListableBeanFactory$FactoryAwareOrderSourceProvider getOrderSource (Ljava/lang/Object;)Ljava/lang/Object;' x2='org/springframework/core/OrderComparator$OrderSourceProvider' x3='org.springframework.core.OrderComparator$OrderSourceProvider getOrderSource (Ljava/lang/Object;)Ljava/lang/Object;' witness='org/springframework/core/OrderComparator$OrderSourceProvider' stamp='90.536'/>
<writer thread='175'/>
<dependency_failed type='unique_concrete_method_4' ctxk='org/hibernate/validator/internal/engine/validationcontext/BaseBeanValidationContext' x='org.hibernate.validator.internal.engine.validationcontext.AbstractValidationContext isFailFastModeEnabled ()Z' x2='org/hibernate/validator/internal/engine/validationcontext/BaseBeanValidationContext' x3='org.hibernate.validator.internal.engine.validationcontext.BaseBeanValidationContext isFailFastModeEnabled ()Z' witness='org/hibernate/validator/internal/engine/validationcontext/ReturnValueExecutableValidationContext' stamp='164.687'/>
<writer thread='208'/>
<dependency_failed type='unique_concrete_method_4' ctxk='java/util/stream/Node$OfLong' x='java.util.stream.Nodes$EmptyNode$OfLong asPrimitiveArray ()Ljava/lang/Object;' x2='java/util/stream/Node$OfLong' x3='java.util.stream.Node$OfLong asPrimitiveArray ()Ljava/lang/Object;' witness='java/util/stream/Node$OfLong' stamp='94173.784'/>
<dependency_failed type='unique_concrete_method_4' ctxk='com/google/common/collect/AbstractIterator' x='com.google.common.collect.Iterators$5 computeNext ()Ljava/lang/Object;' x2='com/google/common/collect/AbstractIterator' x3='com.google.common.collect.AbstractIterator computeNext ()Ljava/lang/Object;' witness='com/google/common/graph/DirectedGraphConnections$3$1' stamp='94175.817'/>
<dependency_failed type='leaf_type' ctxk='java/io/BufferedOutputStream' witness='java/lang/ProcessImpl$ProcessPipeOutputStream' stamp='94177.322'/>
<dependency_failed type='leaf_type' ctxk='java/io/BufferedOutputStream' witness='java/lang/ProcessImpl$ProcessPipeOutputStream' stamp='94177.322'/>
<dependency_failed type='leaf_type' ctxk='java/io/BufferedOutputStream' witness='java/lang/ProcessImpl$ProcessPipeOutputStream' stamp='94177.322'/>
<dependency_failed type='leaf_type' ctxk='java/io/BufferedOutputStream' witness='java/lang/ProcessImpl$ProcessPipeOutputStream' stamp='94177.322'/>
<dependency_failed type='leaf_type' ctxk='java/io/BufferedInputStream' witness='java/lang/ProcessImpl$ProcessPipeInputStream' stamp='94177.391'/>
<dependency_failed type='leaf_type' ctxk='java/io/BufferedInputStream' witness='java/lang/ProcessImpl$ProcessPipeInputStream' stamp='94177.391'/>
<writer thread='278'/>
<dependency_failed type='unique_concrete_method_4' ctxk='java/util/HashMap' x='java.util.HashMap remove (Ljava/lang/Object;)Ljava/lang/Object;' x2='java/util/Map' x3='java.util.Map remove (Ljava/lang/Object;)Ljava/lang/Object;' witness='com/thoughtworks/xstream/core/util/OrderRetainingMap' stamp='96163.980'/>
<dependency_failed type='unique_concrete_method_4' ctxk='java/util/HashMap' x='java.util.HashMap remove (Ljava/lang/Object;)Ljava/lang/Object;' x2='java/util/HashMap' x3='java.util.HashMap remove (Ljava/lang/Object;)Ljava/lang/Object;' witness='com/thoughtworks/xstream/core/util/OrderRetainingMap' stamp='96163.980'/>
<dependency_failed type='unique_concrete_method_4' ctxk='java/util/HashMap' x='java.util.HashMap remove (Ljava/lang/Object;)Ljava/lang/Object;' x2='java/util/HashMap' x3='java.util.HashMap remove (Ljava/lang/Object;)Ljava/lang/Object;' witness='com/thoughtworks/xstream/core/util/OrderRetainingMap' stamp='96163.980'/>
<dependency_failed type='unique_concrete_method_4' ctxk='java/util/HashMap' x='java.util.HashMap remove (Ljava/lang/Object;)Ljava/lang/Object;' x2='java/util/HashMap' x3='java.util.HashMap remove (Ljava/lang/Object;)Ljava/lang/Object;' witness='com/thoughtworks/xstream/core/util/OrderRetainingMap' stamp='96163.980'/>
<dependency_failed type='unique_concrete_method_4' ctxk='java/util/HashMap' x='java.util.HashMap remove (Ljava/lang/Object;)Ljava/lang/Object;' x2='java/util/HashMap' x3='java.util.HashMap remove (Ljava/lang/Object;)Ljava/lang/Object;' witness='com/thoughtworks/xstream/core/util/OrderRetainingMap' stamp='96163.980'/>
<dependency_failed type='leaf_type' ctxk='java/util/zip/CRC32' witness='sun/util/calendar/ZoneInfoFile$Checksum' stamp='96164.108'/>
<dependency_failed type='leaf_type' ctxk='java/util/zip/CRC32' witness='sun/util/calendar/ZoneInfoFile$Checksum' stamp='96164.108'/>
<dependency_failed type='unique_concrete_method_4' ctxk='java/io/ObjectOutputStream' x='java.io.ObjectOutputStream writeObjectOverride (Ljava/lang/Object;)V' x2='java/io/ObjectOutputStream' x3='java.io.ObjectOutputStream writeObjectOverride (Ljava/lang/Object;)V' witness='com/thoughtworks/xstream/core/util/CustomObjectOutputStream' stamp='96164.298'/>
<dependency_failed type='unique_concrete_method_4' ctxk='java/util/ArrayList' x='java.util.ArrayList add (Ljava/lang/Object;)Z' x2='java/util/ArrayList' x3='java.util.ArrayList add (Ljava/lang/Object;)Z' witness='com/thoughtworks/xstream/core/util/CompositeClassLoader$1' stamp='96164.399'/>
<dependency_failed type='unique_concrete_method_4' ctxk='java/util/ArrayList' x='java.util.ArrayList add (Ljava/lang/Object;)Z' x2='java/util/ArrayList' x3='java.util.ArrayList add (Ljava/lang/Object;)Z' witness='com/thoughtworks/xstream/core/util/CompositeClassLoader$1' stamp='96164.399'/>
<dependency_failed type='unique_concrete_method_4' ctxk='java/util/ArrayList' x='java.util.ArrayList add (Ljava/lang/Object;)Z' x2='java/util/ArrayList' x3='java.util.ArrayList add (Ljava/lang/Object;)Z' witness='com/thoughtworks/xstream/core/util/CompositeClassLoader$1' stamp='96164.399'/>
<dependency_failed type='unique_concrete_method_4' ctxk='java/util/ArrayList' x='java.util.ArrayList add (Ljava/lang/Object;)Z' x2='java/util/ArrayList' x3='java.util.ArrayList add (Ljava/lang/Object;)Z' witness='com/thoughtworks/xstream/core/util/CompositeClassLoader$1' stamp='96164.399'/>
<dependency_failed type='unique_concrete_method_4' ctxk='java/util/ArrayList' x='java.util.ArrayList add (Ljava/lang/Object;)Z' x2='java/util/List' x3='java.util.List add (Ljava/lang/Object;)Z' witness='com/thoughtworks/xstream/core/util/CompositeClassLoader$1' stamp='96164.399'/>
<dependency_failed type='unique_concrete_method_4' ctxk='java/util/ArrayList' x='java.util.ArrayList add (Ljava/lang/Object;)Z' x2='java/util/ArrayList' x3='java.util.ArrayList add (Ljava/lang/Object;)Z' witness='com/thoughtworks/xstream/core/util/CompositeClassLoader$1' stamp='96164.399'/>
<dependency_failed type='unique_concrete_method_4' ctxk='java/util/ArrayList' x='java.util.ArrayList add (Ljava/lang/Object;)Z' x2='java/util/ArrayList' x3='java.util.ArrayList add (Ljava/lang/Object;)Z' witness='com/thoughtworks/xstream/core/util/CompositeClassLoader$1' stamp='96164.399'/>
<dependency_failed type='unique_concrete_method_4' ctxk='java/util/ArrayList' x='java.util.ArrayList add (Ljava/lang/Object;)Z' x2='java/util/ArrayList' x3='java.util.ArrayList add (Ljava/lang/Object;)Z' witness='com/thoughtworks/xstream/core/util/CompositeClassLoader$1' stamp='96164.399'/>
<dependency_failed type='unique_concrete_method_4' ctxk='java/util/ArrayList' x='java.util.ArrayList add (Ljava/lang/Object;)Z' x2='java/util/ArrayList' x3='java.util.ArrayList add (Ljava/lang/Object;)Z' witness='com/thoughtworks/xstream/core/util/CompositeClassLoader$1' stamp='96164.399'/>
<dependency_failed type='unique_concrete_method_4' ctxk='java/util/ArrayList' x='java.util.ArrayList add (Ljava/lang/Object;)Z' x2='java/util/ArrayList' x3='java.util.ArrayList add (Ljava/lang/Object;)Z' witness='com/thoughtworks/xstream/core/util/CompositeClassLoader$1' stamp='96164.399'/>
<dependency_failed type='unique_concrete_method_4' ctxk='java/util/ArrayList' x='java.util.ArrayList add (Ljava/lang/Object;)Z' x2='java/util/ArrayList' x3='java.util.ArrayList add (Ljava/lang/Object;)Z' witness='com/thoughtworks/xstream/core/util/CompositeClassLoader$1' stamp='96164.399'/>
<dependency_failed type='unique_concrete_method_4' ctxk='java/util/ArrayList' x='java.util.ArrayList add (Ljava/lang/Object;)Z' x2='java/util/ArrayList' x3='java.util.ArrayList add (Ljava/lang/Object;)Z' witness='com/thoughtworks/xstream/core/util/CompositeClassLoader$1' stamp='96164.399'/>
<dependency_failed type='unique_concrete_method_4' ctxk='java/util/ArrayList' x='java.util.ArrayList add (Ljava/lang/Object;)Z' x2='java/util/ArrayList' x3='java.util.ArrayList add (Ljava/lang/Object;)Z' witness='com/thoughtworks/xstream/core/util/CompositeClassLoader$1' stamp='96164.399'/>
<dependency_failed type='unique_concrete_method_4' ctxk='java/util/ArrayList' x='java.util.ArrayList add (Ljava/lang/Object;)Z' x2='java/util/List' x3='java.util.List add (Ljava/lang/Object;)Z' witness='com/thoughtworks/xstream/core/util/CompositeClassLoader$1' stamp='96164.399'/>
<dependency_failed type='unique_concrete_method_4' ctxk='java/util/ArrayList' x='java.util.ArrayList add (Ljava/lang/Object;)Z' x2='java/util/ArrayList' x3='java.util.ArrayList add (Ljava/lang/Object;)Z' witness='com/thoughtworks/xstream/core/util/CompositeClassLoader$1' stamp='96164.399'/>
<dependency_failed type='unique_concrete_method_4' ctxk='java/util/ArrayList' x='java.util.ArrayList add (Ljava/lang/Object;)Z' x2='java/util/List' x3='java.util.List add (Ljava/lang/Object;)Z' witness='com/thoughtworks/xstream/core/util/CompositeClassLoader$1' stamp='96164.399'/>
<dependency_failed type='unique_concrete_method_4' ctxk='java/util/ArrayList' x='java.util.ArrayList add (Ljava/lang/Object;)Z' x2='java/util/ArrayList' x3='java.util.ArrayList add (Ljava/lang/Object;)Z' witness='com/thoughtworks/xstream/core/util/CompositeClassLoader$1' stamp='96164.399'/>
<dependency_failed type='unique_concrete_method_4' ctxk='java/util/ArrayList' x='java.util.ArrayList add (Ljava/lang/Object;)Z' x2='java/util/ArrayList' x3='java.util.ArrayList add (Ljava/lang/Object;)Z' witness='com/thoughtworks/xstream/core/util/CompositeClassLoader$1' stamp='96164.399'/>
<dependency_failed type='unique_concrete_method_4' ctxk='java/util/ArrayList' x='java.util.ArrayList add (Ljava/lang/Object;)Z' x2='java/util/ArrayList' x3='java.util.ArrayList add (Ljava/lang/Object;)Z' witness='com/thoughtworks/xstream/core/util/CompositeClassLoader$1' stamp='96164.399'/>
<dependency_failed type='unique_concrete_method_4' ctxk='java/util/ArrayList' x='java.util.ArrayList add (Ljava/lang/Object;)Z' x2='java/util/ArrayList' x3='java.util.ArrayList add (Ljava/lang/Object;)Z' witness='com/thoughtworks/xstream/core/util/CompositeClassLoader$1' stamp='96164.399'/>
<dependency_failed type='unique_concrete_method_4' ctxk='java/util/ArrayList' x='java.util.ArrayList add (Ljava/lang/Object;)Z' x2='java/util/List' x3='java.util.List add (Ljava/lang/Object;)Z' witness='com/thoughtworks/xstream/core/util/CompositeClassLoader$1' stamp='96164.399'/>
<dependency_failed type='unique_concrete_method_4' ctxk='java/util/ArrayList' x='java.util.ArrayList add (Ljava/lang/Object;)Z' x2='java/util/ArrayList' x3='java.util.ArrayList add (Ljava/lang/Object;)Z' witness='com/thoughtworks/xstream/core/util/CompositeClassLoader$1' stamp='96164.399'/>
<dependency_failed type='unique_concrete_method_4' ctxk='java/util/ArrayList' x='java.util.ArrayList add (Ljava/lang/Object;)Z' x2='java/util/ArrayList' x3='java.util.ArrayList add (Ljava/lang/Object;)Z' witness='com/thoughtworks/xstream/core/util/CompositeClassLoader$1' stamp='96164.399'/>
<dependency_failed type='unique_concrete_method_4' ctxk='java/util/ArrayList' x='java.util.ArrayList add (Ljava/lang/Object;)Z' x2='java/util/ArrayList' x3='java.util.ArrayList add (Ljava/lang/Object;)Z' witness='com/thoughtworks/xstream/core/util/CompositeClassLoader$1' stamp='96164.399'/>
<dependency_failed type='unique_concrete_method_4' ctxk='java/util/ArrayList' x='java.util.ArrayList add (Ljava/lang/Object;)Z' x2='java/util/ArrayList' x3='java.util.ArrayList add (Ljava/lang/Object;)Z' witness='com/thoughtworks/xstream/core/util/CompositeClassLoader$1' stamp='96164.399'/>
<dependency_failed type='unique_concrete_method_4' ctxk='java/util/ArrayList' x='java.util.ArrayList add (Ljava/lang/Object;)Z' x2='java/util/ArrayList' x3='java.util.ArrayList add (Ljava/lang/Object;)Z' witness='com/thoughtworks/xstream/core/util/CompositeClassLoader$1' stamp='96164.399'/>
<dependency_failed type='unique_concrete_method_4' ctxk='java/util/ArrayList' x='java.util.ArrayList add (Ljava/lang/Object;)Z' x2='java/util/ArrayList' x3='java.util.ArrayList add (Ljava/lang/Object;)Z' witness='com/thoughtworks/xstream/core/util/CompositeClassLoader$1' stamp='96164.399'/>
<dependency_failed type='unique_concrete_method_4' ctxk='java/util/ArrayList' x='java.util.ArrayList add (Ljava/lang/Object;)Z' x2='java/util/ArrayList' x3='java.util.ArrayList add (Ljava/lang/Object;)Z' witness='com/thoughtworks/xstream/core/util/CompositeClassLoader$1' stamp='96164.399'/>
<dependency_failed type='unique_concrete_method_4' ctxk='java/util/ArrayList' x='java.util.ArrayList add (Ljava/lang/Object;)Z' x2='java/util/ArrayList' x3='java.util.ArrayList add (Ljava/lang/Object;)Z' witness='com/thoughtworks/xstream/core/util/CompositeClassLoader$1' stamp='96164.399'/>
<dependency_failed type='unique_concrete_method_4' ctxk='java/util/ArrayList' x='java.util.ArrayList add (Ljava/lang/Object;)Z' x2='java/util/ArrayList' x3='java.util.ArrayList add (Ljava/lang/Object;)Z' witness='com/thoughtworks/xstream/core/util/CompositeClassLoader$1' stamp='96164.399'/>
<dependency_failed type='unique_concrete_method_4' ctxk='java/util/ArrayList' x='java.util.ArrayList add (Ljava/lang/Object;)Z' x2='java/util/List' x3='java.util.List add (Ljava/lang/Object;)Z' witness='com/thoughtworks/xstream/core/util/CompositeClassLoader$1' stamp='96164.399'/>
<dependency_failed type='unique_concrete_method_4' ctxk='java/util/ArrayList' x='java.util.ArrayList add (Ljava/lang/Object;)Z' x2='java/util/ArrayList' x3='java.util.ArrayList add (Ljava/lang/Object;)Z' witness='com/thoughtworks/xstream/core/util/CompositeClassLoader$1' stamp='96164.399'/>
<dependency_failed type='unique_concrete_method_4' ctxk='java/util/ArrayList' x='java.util.ArrayList add (Ljava/lang/Object;)Z' x2='java/util/List' x3='java.util.List add (Ljava/lang/Object;)Z' witness='com/thoughtworks/xstream/core/util/CompositeClassLoader$1' stamp='96164.399'/>
<dependency_failed type='unique_concrete_method_4' ctxk='java/util/ArrayList' x='java.util.ArrayList add (Ljava/lang/Object;)Z' x2='java/util/ArrayList' x3='java.util.ArrayList add (Ljava/lang/Object;)Z' witness='com/thoughtworks/xstream/core/util/CompositeClassLoader$1' stamp='96164.399'/>
<dependency_failed type='unique_concrete_method_4' ctxk='java/util/ArrayList' x='java.util.ArrayList add (Ljava/lang/Object;)Z' x2='java/util/ArrayList' x3='java.util.ArrayList add (Ljava/lang/Object;)Z' witness='com/thoughtworks/xstream/core/util/CompositeClassLoader$1' stamp='96164.399'/>
<dependency_failed type='unique_concrete_method_4' ctxk='java/util/ArrayList' x='java.util.ArrayList add (Ljava/lang/Object;)Z' x2='java/util/ArrayList' x3='java.util.ArrayList add (Ljava/lang/Object;)Z' witness='com/thoughtworks/xstream/core/util/CompositeClassLoader$1' stamp='96164.399'/>
<dependency_failed type='unique_concrete_method_4' ctxk='java/util/ArrayList' x='java.util.ArrayList add (Ljava/lang/Object;)Z' x2='java/util/ArrayList' x3='java.util.ArrayList add (Ljava/lang/Object;)Z' witness='com/thoughtworks/xstream/core/util/CompositeClassLoader$1' stamp='96164.399'/>
<dependency_failed type='unique_concrete_method_4' ctxk='java/util/ArrayList' x='java.util.ArrayList add (Ljava/lang/Object;)Z' x2='java/util/ArrayList' x3='java.util.ArrayList add (Ljava/lang/Object;)Z' witness='com/thoughtworks/xstream/core/util/CompositeClassLoader$1' stamp='96164.399'/>
<dependency_failed type='unique_concrete_method_4' ctxk='java/util/ArrayList' x='java.util.ArrayList add (Ljava/lang/Object;)Z' x2='java/util/ArrayList' x3='java.util.ArrayList add (Ljava/lang/Object;)Z' witness='com/thoughtworks/xstream/core/util/CompositeClassLoader$1' stamp='96164.399'/>
<dependency_failed type='unique_concrete_method_4' ctxk='java/util/ArrayList' x='java.util.ArrayList add (Ljava/lang/Object;)Z' x2='java/util/ArrayList' x3='java.util.ArrayList add (Ljava/lang/Object;)Z' witness='com/thoughtworks/xstream/core/util/CompositeClassLoader$1' stamp='96164.399'/>
<dependency_failed type='unique_concrete_method_4' ctxk='java/util/ArrayList' x='java.util.ArrayList add (Ljava/lang/Object;)Z' x2='java/util/ArrayList' x3='java.util.ArrayList add (Ljava/lang/Object;)Z' witness='com/thoughtworks/xstream/core/util/CompositeClassLoader$1' stamp='96164.399'/>
<dependency_failed type='unique_concrete_method_4' ctxk='java/util/ArrayList' x='java.util.ArrayList add (Ljava/lang/Object;)Z' x2='java/util/ArrayList' x3='java.util.ArrayList add (Ljava/lang/Object;)Z' witness='com/thoughtworks/xstream/core/util/CompositeClassLoader$1' stamp='96164.399'/>
<dependency_failed type='unique_concrete_method_4' ctxk='java/util/ArrayList' x='java.util.ArrayList add (Ljava/lang/Object;)Z' x2='java/util/ArrayList' x3='java.util.ArrayList add (Ljava/lang/Object;)Z' witness='com/thoughtworks/xstream/core/util/CompositeClassLoader$1' stamp='96164.399'/>
<dependency_failed type='unique_concrete_method_4' ctxk='java/util/ArrayList' x='java.util.ArrayList add (Ljava/lang/Object;)Z' x2='java/util/ArrayList' x3='java.util.ArrayList add (Ljava/lang/Object;)Z' witness='com/thoughtworks/xstream/core/util/CompositeClassLoader$1' stamp='96164.399'/>
<dependency_failed type='unique_concrete_method_4' ctxk='java/util/ArrayList' x='java.util.ArrayList add (Ljava/lang/Object;)Z' x2='java/util/ArrayList' x3='java.util.ArrayList add (Ljava/lang/Object;)Z' witness='com/thoughtworks/xstream/core/util/CompositeClassLoader$1' stamp='96164.399'/>
<dependency_failed type='unique_concrete_method_4' ctxk='java/util/ArrayList' x='java.util.ArrayList add (Ljava/lang/Object;)Z' x2='java/util/ArrayList' x3='java.util.ArrayList add (Ljava/lang/Object;)Z' witness='com/thoughtworks/xstream/core/util/CompositeClassLoader$1' stamp='96164.399'/>
<dependency_failed type='unique_concrete_method_4' ctxk='java/util/ArrayList' x='java.util.ArrayList add (Ljava/lang/Object;)Z' x2='java/util/ArrayList' x3='java.util.ArrayList add (Ljava/lang/Object;)Z' witness='com/thoughtworks/xstream/core/util/CompositeClassLoader$1' stamp='96164.399'/>
<dependency_failed type='unique_concrete_method_4' ctxk='java/util/ArrayList' x='java.util.ArrayList add (Ljava/lang/Object;)Z' x2='java/util/ArrayList' x3='java.util.ArrayList add (Ljava/lang/Object;)Z' witness='com/thoughtworks/xstream/core/util/CompositeClassLoader$1' stamp='96164.399'/>
<dependency_failed type='unique_concrete_method_4' ctxk='java/util/ArrayList' x='java.util.ArrayList add (Ljava/lang/Object;)Z' x2='java/util/ArrayList' x3='java.util.ArrayList add (Ljava/lang/Object;)Z' witness='com/thoughtworks/xstream/core/util/CompositeClassLoader$1' stamp='96164.399'/>
<dependency_failed type='unique_concrete_method_4' ctxk='java/util/ArrayList' x='java.util.ArrayList add (Ljava/lang/Object;)Z' x2='java/util/ArrayList' x3='java.util.ArrayList add (Ljava/lang/Object;)Z' witness='com/thoughtworks/xstream/core/util/CompositeClassLoader$1' stamp='96164.399'/>
<dependency_failed type='unique_concrete_method_4' ctxk='java/util/ArrayList' x='java.util.ArrayList add (Ljava/lang/Object;)Z' x2='java/util/ArrayList' x3='java.util.ArrayList add (Ljava/lang/Object;)Z' witness='com/thoughtworks/xstream/core/util/CompositeClassLoader$1' stamp='96164.399'/>
<dependency_failed type='unique_concrete_method_4' ctxk='java/util/ArrayList' x='java.util.ArrayList add (Ljava/lang/Object;)Z' x2='java/util/ArrayList' x3='java.util.ArrayList add (Ljava/lang/Object;)Z' witness='com/thoughtworks/xstream/core/util/CompositeClassLoader$1' stamp='96164.399'/>
<dependency_failed type='unique_concrete_method_4' ctxk='java/util/ArrayList' x='java.util.ArrayList add (Ljava/lang/Object;)Z' x2='java/util/ArrayList' x3='java.util.ArrayList add (Ljava/lang/Object;)Z' witness='com/thoughtworks/xstream/core/util/CompositeClassLoader$1' stamp='96164.399'/>
<dependency_failed type='unique_concrete_method_4' ctxk='java/util/ArrayList' x='java.util.ArrayList add (Ljava/lang/Object;)Z' x2='java/util/ArrayList' x3='java.util.ArrayList add (Ljava/lang/Object;)Z' witness='com/thoughtworks/xstream/core/util/CompositeClassLoader$1' stamp='96164.399'/>
<dependency_failed type='unique_concrete_method_4' ctxk='java/util/ArrayList' x='java.util.ArrayList add (Ljava/lang/Object;)Z' x2='java/util/ArrayList' x3='java.util.ArrayList add (Ljava/lang/Object;)Z' witness='com/thoughtworks/xstream/core/util/CompositeClassLoader$1' stamp='96164.399'/>
<dependency_failed type='unique_concrete_method_4' ctxk='java/util/ArrayList' x='java.util.ArrayList add (Ljava/lang/Object;)Z' x2='java/util/ArrayList' x3='java.util.ArrayList add (Ljava/lang/Object;)Z' witness='com/thoughtworks/xstream/core/util/CompositeClassLoader$1' stamp='96164.399'/>
<dependency_failed type='unique_concrete_method_4' ctxk='java/util/ArrayList' x='java.util.ArrayList add (Ljava/lang/Object;)Z' x2='java/util/ArrayList' x3='java.util.ArrayList add (Ljava/lang/Object;)Z' witness='com/thoughtworks/xstream/core/util/CompositeClassLoader$1' stamp='96164.399'/>
<dependency_failed type='unique_concrete_method_4' ctxk='java/util/ArrayList' x='java.util.ArrayList add (Ljava/lang/Object;)Z' x2='java/util/ArrayList' x3='java.util.ArrayList add (Ljava/lang/Object;)Z' witness='com/thoughtworks/xstream/core/util/CompositeClassLoader$1' stamp='96164.399'/>
<dependency_failed type='unique_concrete_method_4' ctxk='java/util/ArrayList' x='java.util.ArrayList add (Ljava/lang/Object;)Z' x2='java/util/ArrayList' x3='java.util.ArrayList add (Ljava/lang/Object;)Z' witness='com/thoughtworks/xstream/core/util/CompositeClassLoader$1' stamp='96164.399'/>
<dependency_failed type='unique_concrete_method_4' ctxk='java/util/ArrayList' x='java.util.ArrayList add (Ljava/lang/Object;)Z' x2='java/util/ArrayList' x3='java.util.ArrayList add (Ljava/lang/Object;)Z' witness='com/thoughtworks/xstream/core/util/CompositeClassLoader$1' stamp='96164.399'/>
<dependency_failed type='unique_concrete_method_4' ctxk='java/util/ArrayList' x='java.util.ArrayList add (Ljava/lang/Object;)Z' x2='java/util/ArrayList' x3='java.util.ArrayList add (Ljava/lang/Object;)Z' witness='com/thoughtworks/xstream/core/util/CompositeClassLoader$1' stamp='96164.399'/>
<dependency_failed type='unique_concrete_method_4' ctxk='java/util/ArrayList' x='java.util.ArrayList add (Ljava/lang/Object;)Z' x2='java/util/ArrayList' x3='java.util.ArrayList add (Ljava/lang/Object;)Z' witness='com/thoughtworks/xstream/core/util/CompositeClassLoader$1' stamp='96164.399'/>
<dependency_failed type='unique_concrete_method_4' ctxk='java/util/ArrayList' x='java.util.ArrayList add (Ljava/lang/Object;)Z' x2='java/util/ArrayList' x3='java.util.ArrayList add (Ljava/lang/Object;)Z' witness='com/thoughtworks/xstream/core/util/CompositeClassLoader$1' stamp='96164.399'/>
<dependency_failed type='unique_concrete_method_4' ctxk='java/util/ArrayList' x='java.util.ArrayList add (Ljava/lang/Object;)Z' x2='java/util/ArrayList' x3='java.util.ArrayList add (Ljava/lang/Object;)Z' witness='com/thoughtworks/xstream/core/util/CompositeClassLoader$1' stamp='96164.399'/>
<dependency_failed type='unique_concrete_method_4' ctxk='java/util/ArrayList' x='java.util.ArrayList add (Ljava/lang/Object;)Z' x2='java/util/ArrayList' x3='java.util.ArrayList add (Ljava/lang/Object;)Z' witness='com/thoughtworks/xstream/core/util/CompositeClassLoader$1' stamp='96164.400'/>
<dependency_failed type='unique_concrete_method_4' ctxk='java/util/ArrayList' x='java.util.ArrayList add (Ljava/lang/Object;)Z' x2='java/util/ArrayList' x3='java.util.ArrayList add (Ljava/lang/Object;)Z' witness='com/thoughtworks/xstream/core/util/CompositeClassLoader$1' stamp='96164.400'/>
<dependency_failed type='unique_concrete_method_4' ctxk='java/util/ArrayList' x='java.util.ArrayList add (Ljava/lang/Object;)Z' x2='java/util/ArrayList' x3='java.util.ArrayList add (Ljava/lang/Object;)Z' witness='com/thoughtworks/xstream/core/util/CompositeClassLoader$1' stamp='96164.400'/>
<dependency_failed type='unique_concrete_method_4' ctxk='java/util/ArrayList' x='java.util.ArrayList add (Ljava/lang/Object;)Z' x2='java/util/ArrayList' x3='java.util.ArrayList add (Ljava/lang/Object;)Z' witness='com/thoughtworks/xstream/core/util/CompositeClassLoader$1' stamp='96164.400'/>
<dependency_failed type='unique_concrete_method_4' ctxk='java/util/ArrayList' x='java.util.ArrayList add (Ljava/lang/Object;)Z' x2='java/util/ArrayList' x3='java.util.ArrayList add (Ljava/lang/Object;)Z' witness='com/thoughtworks/xstream/core/util/CompositeClassLoader$1' stamp='96164.400'/>
<dependency_failed type='unique_concrete_method_4' ctxk='java/util/ArrayList' x='java.util.ArrayList add (Ljava/lang/Object;)Z' x2='java/util/ArrayList' x3='java.util.ArrayList add (Ljava/lang/Object;)Z' witness='com/thoughtworks/xstream/core/util/CompositeClassLoader$1' stamp='96164.400'/>
<dependency_failed type='unique_concrete_method_4' ctxk='java/util/ArrayList' x='java.util.ArrayList add (Ljava/lang/Object;)Z' x2='java/util/List' x3='java.util.List add (Ljava/lang/Object;)Z' witness='com/thoughtworks/xstream/core/util/CompositeClassLoader$1' stamp='96164.400'/>
<dependency_failed type='unique_concrete_method_4' ctxk='java/util/ArrayList' x='java.util.ArrayList add (Ljava/lang/Object;)Z' x2='java/util/ArrayList' x3='java.util.ArrayList add (Ljava/lang/Object;)Z' witness='com/thoughtworks/xstream/core/util/CompositeClassLoader$1' stamp='96164.400'/>
<dependency_failed type='unique_concrete_method_4' ctxk='java/util/ArrayList' x='java.util.ArrayList add (Ljava/lang/Object;)Z' x2='java/util/ArrayList' x3='java.util.ArrayList add (Ljava/lang/Object;)Z' witness='com/thoughtworks/xstream/core/util/CompositeClassLoader$1' stamp='96164.400'/>
<dependency_failed type='unique_concrete_method_4' ctxk='java/util/ArrayList' x='java.util.ArrayList add (Ljava/lang/Object;)Z' x2='java/util/ArrayList' x3='java.util.ArrayList add (Ljava/lang/Object;)Z' witness='com/thoughtworks/xstream/core/util/CompositeClassLoader$1' stamp='96164.400'/>
<dependency_failed type='unique_concrete_method_4' ctxk='java/util/ArrayList' x='java.util.ArrayList add (Ljava/lang/Object;)Z' x2='java/util/ArrayList' x3='java.util.ArrayList add (Ljava/lang/Object;)Z' witness='com/thoughtworks/xstream/core/util/CompositeClassLoader$1' stamp='96164.400'/>
<dependency_failed type='unique_concrete_method_4' ctxk='java/util/ArrayList' x='java.util.ArrayList add (Ljava/lang/Object;)Z' x2='java/util/ArrayList' x3='java.util.ArrayList add (Ljava/lang/Object;)Z' witness='com/thoughtworks/xstream/core/util/CompositeClassLoader$1' stamp='96164.400'/>
<dependency_failed type='unique_concrete_method_4' ctxk='java/util/ArrayList' x='java.util.ArrayList add (Ljava/lang/Object;)Z' x2='java/util/ArrayList' x3='java.util.ArrayList add (Ljava/lang/Object;)Z' witness='com/thoughtworks/xstream/core/util/CompositeClassLoader$1' stamp='96164.400'/>
<dependency_failed type='unique_concrete_method_4' ctxk='java/util/ArrayList' x='java.util.ArrayList add (Ljava/lang/Object;)Z' x2='java/util/ArrayList' x3='java.util.ArrayList add (Ljava/lang/Object;)Z' witness='com/thoughtworks/xstream/core/util/CompositeClassLoader$1' stamp='96164.400'/>
<dependency_failed type='unique_concrete_method_4' ctxk='java/util/ArrayList' x='java.util.ArrayList add (Ljava/lang/Object;)Z' x2='java/util/ArrayList' x3='java.util.ArrayList add (Ljava/lang/Object;)Z' witness='com/thoughtworks/xstream/core/util/CompositeClassLoader$1' stamp='96164.400'/>
<dependency_failed type='unique_concrete_method_4' ctxk='java/util/ArrayList' x='java.util.ArrayList add (Ljava/lang/Object;)Z' x2='java/util/ArrayList' x3='java.util.ArrayList add (Ljava/lang/Object;)Z' witness='com/thoughtworks/xstream/core/util/CompositeClassLoader$1' stamp='96164.400'/>
<dependency_failed type='unique_concrete_method_4' ctxk='java/util/ArrayList' x='java.util.ArrayList add (Ljava/lang/Object;)Z' x2='java/util/List' x3='java.util.List add (Ljava/lang/Object;)Z' witness='com/thoughtworks/xstream/core/util/CompositeClassLoader$1' stamp='96164.400'/>
<dependency_failed type='unique_concrete_method_4' ctxk='java/util/ArrayList' x='java.util.ArrayList add (Ljava/lang/Object;)Z' x2='java/util/List' x3='java.util.List add (Ljava/lang/Object;)Z' witness='com/thoughtworks/xstream/core/util/CompositeClassLoader$1' stamp='96164.400'/>
<dependency_failed type='unique_concrete_method_4' ctxk='java/util/ArrayList' x='java.util.ArrayList add (Ljava/lang/Object;)Z' x2='java/util/List' x3='java.util.List add (Ljava/lang/Object;)Z' witness='com/thoughtworks/xstream/core/util/CompositeClassLoader$1' stamp='96164.400'/>
<dependency_failed type='unique_concrete_method_4' ctxk='java/util/ArrayList' x='java.util.ArrayList add (Ljava/lang/Object;)Z' x2='java/util/ArrayList' x3='java.util.ArrayList add (Ljava/lang/Object;)Z' witness='com/thoughtworks/xstream/core/util/CompositeClassLoader$1' stamp='96164.400'/>
<dependency_failed type='unique_concrete_method_4' ctxk='java/util/ArrayList' x='java.util.ArrayList add (Ljava/lang/Object;)Z' x2='java/util/ArrayList' x3='java.util.ArrayList add (Ljava/lang/Object;)Z' witness='com/thoughtworks/xstream/core/util/CompositeClassLoader$1' stamp='96164.400'/>
<dependency_failed type='unique_concrete_method_4' ctxk='java/util/ArrayList' x='java.util.ArrayList add (Ljava/lang/Object;)Z' x2='java/util/ArrayList' x3='java.util.ArrayList add (Ljava/lang/Object;)Z' witness='com/thoughtworks/xstream/core/util/CompositeClassLoader$1' stamp='96164.400'/>
<dependency_failed type='unique_concrete_method_4' ctxk='java/util/ArrayList' x='java.util.ArrayList add (Ljava/lang/Object;)Z' x2='java/util/List' x3='java.util.List add (Ljava/lang/Object;)Z' witness='com/thoughtworks/xstream/core/util/CompositeClassLoader$1' stamp='96164.400'/>
<dependency_failed type='unique_concrete_method_4' ctxk='java/util/ArrayList' x='java.util.ArrayList add (Ljava/lang/Object;)Z' x2='java/util/List' x3='java.util.List add (Ljava/lang/Object;)Z' witness='com/thoughtworks/xstream/core/util/CompositeClassLoader$1' stamp='96164.400'/>
<dependency_failed type='unique_concrete_method_4' ctxk='java/util/ArrayList' x='java.util.ArrayList add (Ljava/lang/Object;)Z' x2='java/util/List' x3='java.util.List add (Ljava/lang/Object;)Z' witness='com/thoughtworks/xstream/core/util/CompositeClassLoader$1' stamp='96164.400'/>
<dependency_failed type='unique_concrete_method_4' ctxk='java/util/ArrayList' x='java.util.ArrayList add (Ljava/lang/Object;)Z' x2='java/util/List' x3='java.util.List add (Ljava/lang/Object;)Z' witness='com/thoughtworks/xstream/core/util/CompositeClassLoader$1' stamp='96164.400'/>
<dependency_failed type='unique_concrete_method_4' ctxk='java/util/ArrayList' x='java.util.ArrayList add (Ljava/lang/Object;)Z' x2='java/util/List' x3='java.util.List add (Ljava/lang/Object;)Z' witness='com/thoughtworks/xstream/core/util/CompositeClassLoader$1' stamp='96164.400'/>
<dependency_failed type='unique_concrete_method_4' ctxk='java/util/ArrayList' x='java.util.ArrayList add (Ljava/lang/Object;)Z' x2='java/util/List' x3='java.util.List add (Ljava/lang/Object;)Z' witness='com/thoughtworks/xstream/core/util/CompositeClassLoader$1' stamp='96164.400'/>
<dependency_failed type='unique_concrete_method_4' ctxk='java/util/ArrayList' x='java.util.ArrayList add (Ljava/lang/Object;)Z' x2='java/util/List' x3='java.util.List add (Ljava/lang/Object;)Z' witness='com/thoughtworks/xstream/core/util/CompositeClassLoader$1' stamp='96164.400'/>
<dependency_failed type='unique_concrete_method_4' ctxk='java/util/ArrayList' x='java.util.ArrayList add (Ljava/lang/Object;)Z' x2='java/util/List' x3='java.util.List add (Ljava/lang/Object;)Z' witness='com/thoughtworks/xstream/core/util/CompositeClassLoader$1' stamp='96164.400'/>
<dependency_failed type='unique_concrete_method_4' ctxk='java/util/ArrayList' x='java.util.ArrayList add (Ljava/lang/Object;)Z' x2='java/util/ArrayList' x3='java.util.ArrayList add (Ljava/lang/Object;)Z' witness='com/thoughtworks/xstream/core/util/CompositeClassLoader$1' stamp='96164.400'/>
<dependency_failed type='unique_concrete_method_4' ctxk='java/util/ArrayList' x='java.util.ArrayList add (Ljava/lang/Object;)Z' x2='java/util/ArrayList' x3='java.util.ArrayList add (Ljava/lang/Object;)Z' witness='com/thoughtworks/xstream/core/util/CompositeClassLoader$1' stamp='96164.400'/>
<dependency_failed type='unique_concrete_method_4' ctxk='java/util/ArrayList' x='java.util.ArrayList add (Ljava/lang/Object;)Z' x2='java/util/ArrayList' x3='java.util.ArrayList add (Ljava/lang/Object;)Z' witness='com/thoughtworks/xstream/core/util/CompositeClassLoader$1' stamp='96164.400'/>
<dependency_failed type='unique_concrete_method_4' ctxk='java/util/ArrayList' x='java.util.ArrayList add (Ljava/lang/Object;)Z' x2='java/util/ArrayList' x3='java.util.ArrayList add (Ljava/lang/Object;)Z' witness='com/thoughtworks/xstream/core/util/CompositeClassLoader$1' stamp='96164.400'/>
<dependency_failed type='unique_concrete_method_4' ctxk='java/util/ArrayList' x='java.util.ArrayList add (Ljava/lang/Object;)Z' x2='java/util/ArrayList' x3='java.util.ArrayList add (Ljava/lang/Object;)Z' witness='com/thoughtworks/xstream/core/util/CompositeClassLoader$1' stamp='96164.400'/>
<dependency_failed type='unique_concrete_method_4' ctxk='java/util/ArrayList' x='java.util.ArrayList add (Ljava/lang/Object;)Z' x2='java/util/List' x3='java.util.List add (Ljava/lang/Object;)Z' witness='com/thoughtworks/xstream/core/util/CompositeClassLoader$1' stamp='96164.400'/>
<dependency_failed type='unique_concrete_method_4' ctxk='java/util/ArrayList' x='java.util.ArrayList add (Ljava/lang/Object;)Z' x2='java/util/ArrayList' x3='java.util.ArrayList add (Ljava/lang/Object;)Z' witness='com/thoughtworks/xstream/core/util/CompositeClassLoader$1' stamp='96164.400'/>
<dependency_failed type='unique_concrete_method_4' ctxk='java/util/ArrayList' x='java.util.ArrayList add (Ljava/lang/Object;)Z' x2='java/util/ArrayList' x3='java.util.ArrayList add (Ljava/lang/Object;)Z' witness='com/thoughtworks/xstream/core/util/CompositeClassLoader$1' stamp='96164.400'/>
<dependency_failed type='unique_concrete_method_4' ctxk='java/util/ArrayList' x='java.util.ArrayList add (Ljava/lang/Object;)Z' x2='java/util/ArrayList' x3='java.util.ArrayList add (Ljava/lang/Object;)Z' witness='com/thoughtworks/xstream/core/util/CompositeClassLoader$1' stamp='96164.400'/>
<dependency_failed type='unique_concrete_method_4' ctxk='java/util/ArrayList' x='java.util.ArrayList add (Ljava/lang/Object;)Z' x2='java/util/ArrayList' x3='java.util.ArrayList add (Ljava/lang/Object;)Z' witness='com/thoughtworks/xstream/core/util/CompositeClassLoader$1' stamp='96164.400'/>
<dependency_failed type='unique_concrete_method_4' ctxk='java/util/ArrayList' x='java.util.ArrayList add (Ljava/lang/Object;)Z' x2='java/util/List' x3='java.util.List add (Ljava/lang/Object;)Z' witness='com/thoughtworks/xstream/core/util/CompositeClassLoader$1' stamp='96164.400'/>
<dependency_failed type='unique_concrete_method_4' ctxk='java/util/ArrayList' x='java.util.ArrayList add (Ljava/lang/Object;)Z' x2='java/util/ArrayList' x3='java.util.ArrayList add (Ljava/lang/Object;)Z' witness='com/thoughtworks/xstream/core/util/CompositeClassLoader$1' stamp='96164.400'/>
<dependency_failed type='unique_concrete_method_4' ctxk='java/util/ArrayList' x='java.util.ArrayList add (Ljava/lang/Object;)Z' x2='java/util/ArrayList' x3='java.util.ArrayList add (Ljava/lang/Object;)Z' witness='com/thoughtworks/xstream/core/util/CompositeClassLoader$1' stamp='96164.400'/>
<dependency_failed type='unique_concrete_method_4' ctxk='java/util/ArrayList' x='java.util.ArrayList add (Ljava/lang/Object;)Z' x2='java/util/List' x3='java.util.List add (Ljava/lang/Object;)Z' witness='com/thoughtworks/xstream/core/util/CompositeClassLoader$1' stamp='96164.400'/>
<dependency_failed type='unique_concrete_method_4' ctxk='java/util/ArrayList' x='java.util.ArrayList add (Ljava/lang/Object;)Z' x2='java/util/List' x3='java.util.List add (Ljava/lang/Object;)Z' witness='com/thoughtworks/xstream/core/util/CompositeClassLoader$1' stamp='96164.400'/>
<dependency_failed type='unique_concrete_method_4' ctxk='java/util/ArrayList' x='java.util.ArrayList add (Ljava/lang/Object;)Z' x2='java/util/ArrayList' x3='java.util.ArrayList add (Ljava/lang/Object;)Z' witness='com/thoughtworks/xstream/core/util/CompositeClassLoader$1' stamp='96164.400'/>
<dependency_failed type='unique_concrete_method_4' ctxk='java/util/ArrayList' x='java.util.ArrayList add (Ljava/lang/Object;)Z' x2='java/util/List' x3='java.util.List add (Ljava/lang/Object;)Z' witness='com/thoughtworks/xstream/core/util/CompositeClassLoader$1' stamp='96164.400'/>
<dependency_failed type='unique_concrete_method_4' ctxk='java/util/ArrayList' x='java.util.ArrayList add (Ljava/lang/Object;)Z' x2='java/util/List' x3='java.util.List add (Ljava/lang/Object;)Z' witness='com/thoughtworks/xstream/core/util/CompositeClassLoader$1' stamp='96164.400'/>
<dependency_failed type='unique_concrete_method_4' ctxk='java/util/ArrayList' x='java.util.ArrayList add (Ljava/lang/Object;)Z' x2='java/util/List' x3='java.util.List add (Ljava/lang/Object;)Z' witness='com/thoughtworks/xstream/core/util/CompositeClassLoader$1' stamp='96164.400'/>
<dependency_failed type='unique_concrete_method_4' ctxk='java/util/ArrayList' x='java.util.ArrayList addAll (Ljava/util/Collection;)Z' x2='java/util/List' x3='java.util.List addAll (Ljava/util/Collection;)Z' witness='com/thoughtworks/xstream/core/util/CompositeClassLoader$1' stamp='96164.400'/>
<dependency_failed type='unique_concrete_method_4' ctxk='java/util/ArrayList' x='java.util.ArrayList add (Ljava/lang/Object;)Z' x2='java/util/ArrayList' x3='java.util.ArrayList add (Ljava/lang/Object;)Z' witness='com/thoughtworks/xstream/core/util/CompositeClassLoader$1' stamp='96164.400'/>
<dependency_failed type='unique_concrete_method_4' ctxk='java/util/ArrayList' x='java.util.ArrayList add (Ljava/lang/Object;)Z' x2='java/util/List' x3='java.util.List add (Ljava/lang/Object;)Z' witness='com/thoughtworks/xstream/core/util/CompositeClassLoader$1' stamp='96164.400'/>
<dependency_failed type='unique_concrete_method_4' ctxk='java/util/ArrayList' x='java.util.ArrayList add (Ljava/lang/Object;)Z' x2='java/util/List' x3='java.util.List add (Ljava/lang/Object;)Z' witness='com/thoughtworks/xstream/core/util/CompositeClassLoader$1' stamp='96164.400'/>
<dependency_failed type='unique_concrete_method_4' ctxk='java/util/ArrayList' x='java.util.ArrayList add (Ljava/lang/Object;)Z' x2='java/util/ArrayList' x3='java.util.ArrayList add (Ljava/lang/Object;)Z' witness='com/thoughtworks/xstream/core/util/CompositeClassLoader$1' stamp='96164.400'/>
<dependency_failed type='unique_concrete_method_4' ctxk='java/util/ArrayList' x='java.util.ArrayList add (Ljava/lang/Object;)Z' x2='java/util/ArrayList' x3='java.util.ArrayList add (Ljava/lang/Object;)Z' witness='com/thoughtworks/xstream/core/util/CompositeClassLoader$1' stamp='96164.400'/>
<dependency_failed type='unique_concrete_method_4' ctxk='java/util/ArrayList' x='java.util.ArrayList add (Ljava/lang/Object;)Z' x2='java/util/ArrayList' x3='java.util.ArrayList add (Ljava/lang/Object;)Z' witness='com/thoughtworks/xstream/core/util/CompositeClassLoader$1' stamp='96164.400'/>
<dependency_failed type='unique_concrete_method_4' ctxk='java/util/ArrayList' x='java.util.ArrayList add (Ljava/lang/Object;)Z' x2='java/util/ArrayList' x3='java.util.ArrayList add (Ljava/lang/Object;)Z' witness='com/thoughtworks/xstream/core/util/CompositeClassLoader$1' stamp='96164.400'/>
<dependency_failed type='unique_concrete_method_4' ctxk='java/util/ArrayList' x='java.util.ArrayList add (Ljava/lang/Object;)Z' x2='java/util/ArrayList' x3='java.util.ArrayList add (Ljava/lang/Object;)Z' witness='com/thoughtworks/xstream/core/util/CompositeClassLoader$1' stamp='96164.400'/>
<dependency_failed type='unique_concrete_method_4' ctxk='java/util/ArrayList' x='java.util.ArrayList add (Ljava/lang/Object;)Z' x2='java/util/ArrayList' x3='java.util.ArrayList add (Ljava/lang/Object;)Z' witness='com/thoughtworks/xstream/core/util/CompositeClassLoader$1' stamp='96164.400'/>
<dependency_failed type='unique_concrete_method_4' ctxk='java/util/ArrayList' x='java.util.ArrayList add (Ljava/lang/Object;)Z' x2='java/util/ArrayList' x3='java.util.ArrayList add (Ljava/lang/Object;)Z' witness='com/thoughtworks/xstream/core/util/CompositeClassLoader$1' stamp='96164.400'/>
<dependency_failed type='unique_concrete_method_4' ctxk='java/util/ArrayList' x='java.util.ArrayList add (Ljava/lang/Object;)Z' x2='java/util/ArrayList' x3='java.util.ArrayList add (Ljava/lang/Object;)Z' witness='com/thoughtworks/xstream/core/util/CompositeClassLoader$1' stamp='96164.400'/>
<dependency_failed type='unique_concrete_method_4' ctxk='java/util/ArrayList' x='java.util.ArrayList add (Ljava/lang/Object;)Z' x2='java/util/ArrayList' x3='java.util.ArrayList add (Ljava/lang/Object;)Z' witness='com/thoughtworks/xstream/core/util/CompositeClassLoader$1' stamp='96164.400'/>
<dependency_failed type='unique_concrete_method_4' ctxk='java/util/ArrayList' x='java.util.ArrayList add (Ljava/lang/Object;)Z' x2='java/util/List' x3='java.util.List add (Ljava/lang/Object;)Z' witness='com/thoughtworks/xstream/core/util/CompositeClassLoader$1' stamp='96164.400'/>
<dependency_failed type='unique_concrete_method_4' ctxk='java/util/ArrayList' x='java.util.ArrayList addAll (Ljava/util/Collection;)Z' x2='java/util/List' x3='java.util.List addAll (Ljava/util/Collection;)Z' witness='com/thoughtworks/xstream/core/util/CompositeClassLoader$1' stamp='96164.400'/>
<dependency_failed type='unique_concrete_method_4' ctxk='java/util/ArrayList' x='java.util.ArrayList add (Ljava/lang/Object;)Z' x2='java/util/List' x3='java.util.List add (Ljava/lang/Object;)Z' witness='com/thoughtworks/xstream/core/util/CompositeClassLoader$1' stamp='96164.400'/>
<dependency_failed type='unique_concrete_method_4' ctxk='java/util/ArrayList' x='java.util.ArrayList add (Ljava/lang/Object;)Z' x2='java/util/ArrayList' x3='java.util.ArrayList add (Ljava/lang/Object;)Z' witness='com/thoughtworks/xstream/core/util/CompositeClassLoader$1' stamp='96164.400'/>
<dependency_failed type='unique_concrete_method_4' ctxk='java/util/ArrayList' x='java.util.ArrayList add (Ljava/lang/Object;)Z' x2='java/util/List' x3='java.util.List add (Ljava/lang/Object;)Z' witness='com/thoughtworks/xstream/core/util/CompositeClassLoader$1' stamp='96164.400'/>
<dependency_failed type='unique_concrete_method_4' ctxk='java/util/ArrayList' x='java.util.ArrayList add (Ljava/lang/Object;)Z' x2='java/util/List' x3='java.util.List add (Ljava/lang/Object;)Z' witness='com/thoughtworks/xstream/core/util/CompositeClassLoader$1' stamp='96164.400'/>
<dependency_failed type='unique_concrete_method_4' ctxk='java/util/ArrayList' x='java.util.ArrayList add (Ljava/lang/Object;)Z' x2='java/util/ArrayList' x3='java.util.ArrayList add (Ljava/lang/Object;)Z' witness='com/thoughtworks/xstream/core/util/CompositeClassLoader$1' stamp='96164.400'/>
<dependency_failed type='unique_concrete_method_4' ctxk='java/time/chrono/AbstractChronology' x='java.time.chrono.IsoChronology getId ()Ljava/lang/String;' x2='java/time/chrono/AbstractChronology' x3='java.time.chrono.AbstractChronology getId ()Ljava/lang/String;' witness='java/time/chrono/JapaneseChronology' stamp='96164.453'/>
<dependency_failed type='unique_concrete_method_4' ctxk='java/time/chrono/AbstractChronology' x='java.time.chrono.IsoChronology getId ()Ljava/lang/String;' x2='java/time/chrono/Chronology' x3='java.time.chrono.Chronology getId ()Ljava/lang/String;' witness='java/time/chrono/JapaneseChronology' stamp='96164.453'/>
<dependency_failed type='unique_concrete_method_4' ctxk='java/time/chrono/AbstractChronology' x='java.time.chrono.IsoChronology dateEpochDay (J)Ljava/time/chrono/ChronoLocalDate;' x2='java/time/chrono/AbstractChronology' x3='java.time.chrono.AbstractChronology dateEpochDay (J)Ljava/time/chrono/ChronoLocalDate;' witness='java/time/chrono/JapaneseChronology' stamp='96164.453'/>
<dependency_failed type='unique_concrete_method_4' ctxk='java/time/chrono/Chronology' x='java.time.chrono.IsoChronology resolveDate (Ljava/util/Map;Ljava/time/format/ResolverStyle;)Ljava/time/chrono/ChronoLocalDate;' x2='java/time/chrono/Chronology' x3='java.time.chrono.Chronology resolveDate (Ljava/util/Map;Ljava/time/format/ResolverStyle;)Ljava/time/chrono/ChronoLocalDate;' witness='java/time/chrono/JapaneseChronology' stamp='96164.453'/>
<dependency_failed type='unique_concrete_method_4' ctxk='java/time/chrono/Chronology' x='java.time.chrono.IsoChronology resolveDate (Ljava/util/Map;Ljava/time/format/ResolverStyle;)Ljava/time/chrono/ChronoLocalDate;' x2='java/time/chrono/Chronology' x3='java.time.chrono.Chronology resolveDate (Ljava/util/Map;Ljava/time/format/ResolverStyle;)Ljava/time/chrono/ChronoLocalDate;' witness='java/time/chrono/JapaneseChronology' stamp='96164.453'/>
<dependency_failed type='unique_concrete_method_4' ctxk='java/time/chrono/Chronology' x='java.time.chrono.IsoChronology zonedDateTime (Ljava/time/Instant;Ljava/time/ZoneId;)Ljava/time/chrono/ChronoZonedDateTime;' x2='java/time/chrono/Chronology' x3='java.time.chrono.Chronology zonedDateTime (Ljava/time/Instant;Ljava/time/ZoneId;)Ljava/time/chrono/ChronoZonedDateTime;' witness='java/time/chrono/JapaneseChronology' stamp='96164.453'/>
<dependency_failed type='abstract_with_unique_concrete_subtype' ctxk='sun/util/calendar/BaseCalendar' x='sun/util/calendar/Gregorian' witness='sun/util/calendar/LocalGregorianCalendar' stamp='96164.458'/>
<dependency_failed type='abstract_with_unique_concrete_subtype' ctxk='sun/util/calendar/BaseCalendar' x='sun/util/calendar/Gregorian' witness='sun/util/calendar/LocalGregorianCalendar' stamp='96164.458'/>
<dependency_failed type='abstract_with_unique_concrete_subtype' ctxk='sun/util/calendar/BaseCalendar' x='sun/util/calendar/Gregorian' witness='sun/util/calendar/LocalGregorianCalendar' stamp='96164.458'/>
<dependency_failed type='abstract_with_unique_concrete_subtype' ctxk='sun/util/calendar/BaseCalendar' x='sun/util/calendar/Gregorian' witness='sun/util/calendar/LocalGregorianCalendar' stamp='96164.458'/>
<dependency_failed type='unique_concrete_method_4' ctxk='sun/util/calendar/BaseCalendar' x='sun.util.calendar.BaseCalendar isLeapYear (I)Z' x2='sun/util/calendar/BaseCalendar' x3='sun.util.calendar.BaseCalendar isLeapYear (I)Z' witness='sun/util/calendar/LocalGregorianCalendar' stamp='96164.459'/>
<dependency_failed type='unique_concrete_method_4' ctxk='sun/util/calendar/AbstractCalendar' x='sun.util.calendar.BaseCalendar getCalendarDateFromFixedDate (Lsun/util/calendar/CalendarDate;J)V' x2='sun/util/calendar/AbstractCalendar' x3='sun.util.calendar.AbstractCalendar getCalendarDateFromFixedDate (Lsun/util/calendar/CalendarDate;J)V' witness='sun/util/calendar/LocalGregorianCalendar' stamp='96164.459'/>
<dependency_failed type='unique_concrete_method_4' ctxk='sun/util/calendar/BaseCalendar' x='sun.util.calendar.BaseCalendar isLeapYear (I)Z' x2='sun/util/calendar/BaseCalendar' x3='sun.util.calendar.BaseCalendar isLeapYear (I)Z' witness='sun/util/calendar/LocalGregorianCalendar' stamp='96164.459'/>
<dependency_failed type='abstract_with_unique_concrete_subtype' ctxk='sun/util/calendar/BaseCalendar$Date' x='sun/util/calendar/Gregorian$Date' witness='sun/util/calendar/ImmutableGregorianDate' stamp='96164.460'/>
<dependency_failed type='abstract_with_unique_concrete_subtype' ctxk='sun/util/calendar/BaseCalendar$Date' x='sun/util/calendar/Gregorian$Date' witness='sun/util/calendar/ImmutableGregorianDate' stamp='96164.460'/>
<dependency_failed type='abstract_with_unique_concrete_subtype' ctxk='sun/util/calendar/BaseCalendar$Date' x='sun/util/calendar/Gregorian$Date' witness='sun/util/calendar/ImmutableGregorianDate' stamp='96164.460'/>
<dependency_failed type='abstract_with_unique_concrete_subtype' ctxk='sun/util/calendar/BaseCalendar$Date' x='sun/util/calendar/Gregorian$Date' witness='sun/util/calendar/ImmutableGregorianDate' stamp='96164.460'/>
<dependency_failed type='abstract_with_unique_concrete_subtype' ctxk='sun/util/calendar/BaseCalendar$Date' x='sun/util/calendar/Gregorian$Date' witness='sun/util/calendar/ImmutableGregorianDate' stamp='96164.460'/>
<dependency_failed type='abstract_with_unique_concrete_subtype' ctxk='sun/util/calendar/BaseCalendar$Date' x='sun/util/calendar/Gregorian$Date' witness='sun/util/calendar/ImmutableGregorianDate' stamp='96164.460'/>
<dependency_failed type='abstract_with_unique_concrete_subtype' ctxk='sun/util/calendar/BaseCalendar$Date' x='sun/util/calendar/Gregorian$Date' witness='sun/util/calendar/ImmutableGregorianDate' stamp='96164.460'/>
<dependency_failed type='abstract_with_unique_concrete_subtype' ctxk='sun/util/calendar/BaseCalendar$Date' x='sun/util/calendar/Gregorian$Date' witness='sun/util/calendar/ImmutableGregorianDate' stamp='96164.460'/>
<dependency_failed type='abstract_with_unique_concrete_subtype' ctxk='sun/util/calendar/CalendarDate' x='sun/util/calendar/Gregorian$Date' witness='sun/util/calendar/ImmutableGregorianDate' stamp='96164.460'/>
<dependency_failed type='abstract_with_unique_concrete_subtype' ctxk='sun/util/calendar/CalendarDate' x='sun/util/calendar/Gregorian$Date' witness='sun/util/calendar/ImmutableGregorianDate' stamp='96164.460'/>
<dependency_failed type='abstract_with_unique_concrete_subtype' ctxk='sun/util/calendar/CalendarDate' x='sun/util/calendar/Gregorian$Date' witness='sun/util/calendar/ImmutableGregorianDate' stamp='96164.460'/>
<dependency_failed type='unique_concrete_method_4' ctxk='sun/util/calendar/CalendarDate' x='sun.util.calendar.CalendarDate isNormalized ()Z' x2='sun/util/calendar/CalendarDate' x3='sun.util.calendar.CalendarDate isNormalized ()Z' witness='sun/util/calendar/ImmutableGregorianDate' stamp='96164.462'/>
<dependency_failed type='abstract_with_unique_concrete_subtype' ctxk='java/time/Clock' x='java/time/Clock$SystemClock' witness='java/time/Clock$FixedClock' stamp='96164.502'/>
<dependency_failed type='abstract_with_unique_concrete_subtype' ctxk='java/time/Clock' x='java/time/Clock$SystemClock' witness='java/time/Clock$FixedClock' stamp='96164.502'/>
<dependency_failed type='abstract_with_unique_concrete_subtype' ctxk='java/time/Clock' x='java/time/Clock$SystemClock' witness='java/time/Clock$FixedClock' stamp='96164.502'/>
<dependency_failed type='abstract_with_unique_concrete_subtype' ctxk='java/time/Clock' x='java/time/Clock$SystemClock' witness='java/time/Clock$FixedClock' stamp='96164.502'/>
<dependency_failed type='abstract_with_unique_concrete_subtype' ctxk='java/time/Clock' x='java/time/Clock$SystemClock' witness='java/time/Clock$FixedClock' stamp='96164.503'/>
<dependency_failed type='abstract_with_unique_concrete_subtype' ctxk='java/time/Clock' x='java/time/Clock$SystemClock' witness='java/time/Clock$FixedClock' stamp='96164.503'/>
<dependency_failed type='abstract_with_unique_concrete_subtype' ctxk='java/time/Clock' x='java/time/Clock$SystemClock' witness='java/time/Clock$FixedClock' stamp='96164.503'/>
<dependency_failed type='abstract_with_unique_concrete_subtype' ctxk='java/time/Clock' x='java/time/Clock$SystemClock' witness='java/time/Clock$FixedClock' stamp='96164.503'/>
<dependency_failed type='abstract_with_unique_concrete_subtype' ctxk='java/time/Clock' x='java/time/Clock$SystemClock' witness='java/time/Clock$FixedClock' stamp='96164.503'/>
<dependency_failed type='abstract_with_unique_concrete_subtype' ctxk='java/time/Clock' x='java/time/Clock$SystemClock' witness='java/time/Clock$FixedClock' stamp='96164.503'/>
<dependency_failed type='abstract_with_unique_concrete_subtype' ctxk='java/time/Clock' x='java/time/Clock$SystemClock' witness='java/time/Clock$FixedClock' stamp='96164.503'/>
<dependency_failed type='abstract_with_unique_concrete_subtype' ctxk='java/time/Clock' x='java/time/Clock$SystemClock' witness='java/time/Clock$FixedClock' stamp='96164.503'/>
<dependency_failed type='abstract_with_unique_concrete_subtype' ctxk='java/time/Clock' x='java/time/Clock$SystemClock' witness='java/time/Clock$FixedClock' stamp='96164.503'/>
<dependency_failed type='abstract_with_unique_concrete_subtype' ctxk='java/time/Clock' x='java/time/Clock$SystemClock' witness='java/time/Clock$FixedClock' stamp='96164.503'/>
<dependency_failed type='abstract_with_unique_concrete_subtype' ctxk='java/time/Clock' x='java/time/Clock$SystemClock' witness='java/time/Clock$FixedClock' stamp='96164.503'/>
<dependency_failed type='abstract_with_unique_concrete_subtype' ctxk='java/time/Clock' x='java/time/Clock$SystemClock' witness='java/time/Clock$FixedClock' stamp='96164.503'/>
<dependency_failed type='abstract_with_unique_concrete_subtype' ctxk='java/time/Clock' x='java/time/Clock$SystemClock' witness='java/time/Clock$FixedClock' stamp='96164.503'/>
<dependency_failed type='abstract_with_unique_concrete_subtype' ctxk='java/time/Clock' x='java/time/Clock$SystemClock' witness='java/time/Clock$FixedClock' stamp='96164.503'/>
<dependency_failed type='abstract_with_unique_concrete_subtype' ctxk='java/time/Clock' x='java/time/Clock$SystemClock' witness='java/time/Clock$FixedClock' stamp='96164.503'/>
<dependency_failed type='unique_concrete_method_4' ctxk='java/time/Clock' x='java.time.Clock$SystemClock instant ()Ljava/time/Instant;' x2='java/time/Clock' x3='java.time.Clock instant ()Ljava/time/Instant;' witness='java/time/Clock$FixedClock' stamp='96164.507'/>
<dependency_failed type='unique_concrete_method_4' ctxk='java/time/Clock' x='java.time.Clock$SystemClock instant ()Ljava/time/Instant;' x2='java/time/Clock' x3='java.time.Clock instant ()Ljava/time/Instant;' witness='java/time/Clock$FixedClock' stamp='96164.507'/>
<dependency_failed type='unique_concrete_method_4' ctxk='java/time/Clock' x='java.time.Clock$SystemClock instant ()Ljava/time/Instant;' x2='java/time/Clock' x3='java.time.Clock instant ()Ljava/time/Instant;' witness='java/time/Clock$FixedClock' stamp='96164.507'/>
<dependency_failed type='unique_concrete_method_4' ctxk='org/apache/ibatis/scripting/xmltags/DynamicContext' x='org.apache.ibatis.scripting.xmltags.DynamicContext getBindings ()Ljava/util/Map;' x2='org/apache/ibatis/scripting/xmltags/DynamicContext' x3='org.apache.ibatis.scripting.xmltags.DynamicContext getBindings ()Ljava/util/Map;' witness='org/apache/ibatis/scripting/xmltags/ForEachSqlNode$PrefixedContext' stamp='96165.089'/>
<dependency_failed type='unique_concrete_method_4' ctxk='org/apache/ibatis/scripting/xmltags/DynamicContext' x='org.apache.ibatis.scripting.xmltags.DynamicContext getSql ()Ljava/lang/String;' x2='org/apache/ibatis/scripting/xmltags/DynamicContext' x3='org.apache.ibatis.scripting.xmltags.DynamicContext getSql ()Ljava/lang/String;' witness='org/apache/ibatis/scripting/xmltags/ForEachSqlNode$PrefixedContext' stamp='96165.089'/>
<dependency_failed type='unique_concrete_method_4' ctxk='org/apache/ibatis/scripting/xmltags/DynamicContext' x='org.apache.ibatis.scripting.xmltags.DynamicContext getSql ()Ljava/lang/String;' x2='org/apache/ibatis/scripting/xmltags/DynamicContext' x3='org.apache.ibatis.scripting.xmltags.DynamicContext getSql ()Ljava/lang/String;' witness='org/apache/ibatis/scripting/xmltags/ForEachSqlNode$PrefixedContext' stamp='96165.089'/>
<dependency_failed type='unique_concrete_method_4' ctxk='org/apache/ibatis/scripting/xmltags/DynamicContext' x='org.apache.ibatis.scripting.xmltags.DynamicContext appendSql (Ljava/lang/String;)V' x2='org/apache/ibatis/scripting/xmltags/DynamicContext' x3='org.apache.ibatis.scripting.xmltags.DynamicContext appendSql (Ljava/lang/String;)V' witness='org/apache/ibatis/scripting/xmltags/ForEachSqlNode$PrefixedContext